dataset_id	barcode	array_row	array_col	pxl_row_in_fullres	pxl_col_in_fullres	total_counts	n_genes_by_counts	pct_counts_mt	cluster
Mouse_Brain_Visium_10x	AAACAAGTATCTCCCA-1	50	102	7474	8500	13991.0	4462	10.871274390679723	13
Mouse_Brain_Visium_10x	AAACACCAATAACTGC-1	59	19	8552	2788	39797.0	8126	9.99321556901274	0
Mouse_Brain_Visium_10x	AAACAGAGCGACTCCT-1	14	94	3163	7950	29951.0	6526	14.239925211178258	6
Mouse_Brain_Visium_10x	AAACAGCTTTCAGAAG-1	43	9	6636	2100	42333.0	8190	6.779580941582217	0
Mouse_Brain_Visium_10x	AAACAGGGTCTATATT-1	47	13	7115	2375	35700.0	8090	5.128851540616246	0
Mouse_Brain_Visium_10x	AAACATGGTGAGAGGA-1	62	0	8912	1480	22148.0	6518	10.791042080549033	0
Mouse_Brain_Visium_10x	AAACATTTCCCGGATT-1	61	97	8792	8156	37893.0	7731	8.806375847781913	11
Mouse_Brain_Visium_10x	AAACCGGGTAGGTACC-1	42	28	6517	3407	37436.0	7255	15.124479111016134	14
Mouse_Brain_Visium_10x	AAACCGTTCGTCCAGG-1	52	42	7714	4371	19863.0	5075	23.68725771535015	9
Mouse_Brain_Visium_10x	AAACCTAAGCAGCCGG-1	65	83	9271	7193	71208.0	9241	9.507358723738905	11
Mouse_Brain_Visium_10x	AAACGAAGATGGAGTA-1	58	4	8433	1756	15842.0	5072	12.675167276858982	0
Mouse_Brain_Visium_10x	AAACGAGACGGTTGAT-1	35	79	5678	6917	30388.0	6668	13.528366460444913	4
Mouse_Brain_Visium_10x	AAACGGGCGTACGGGT-1	65	91	9271	7743	40847.0	7820	11.53573089822998	11
Mouse_Brain_Visium_10x	AAACGGTTGCGAACTG-1	67	59	9510	5541	27007.0	6300	18.87288480764246	10
Mouse_Brain_Visium_10x	AAACTCGGTTCGCAAT-1	66	70	9391	6298	45417.0	7941	14.014576039808881	10
Mouse_Brain_Visium_10x	AAACTCGTGATATAAG-1	23	113	4241	9257	6078.0	2759	9.674234945705825	5
Mouse_Brain_Visium_10x	AAACTGCTGGCTCCAA-1	45	67	6876	6092	32461.0	6918	15.46471149995379	4
Mouse_Brain_Visium_10x	AAACTTAATTGCACGC-1	64	12	9151	2306	15811.0	5142	12.345835178040605	0
Mouse_Brain_Visium_10x	AAACTTGCAAACGTAT-1	45	19	6876	2788	29700.0	7019	10.343434343434343	0
Mouse_Brain_Visium_10x	AAAGAATGTGGACTAA-1	71	105	9989	8707	58577.0	8932	8.46236577496287	7
Mouse_Brain_Visium_10x	AAAGGCTACGGACCAT-1	62	54	8912	5197	29297.0	6614	13.421169403010547	8
Mouse_Brain_Visium_10x	AAAGGCTCTCGCGCCG-1	55	55	8073	5266	39690.0	7339	14.661123708742757	8
Mouse_Brain_Visium_10x	AAAGGGATGTAGCAAG-1	24	62	4361	5747	34434.0	7047	13.620259046291455	3
Mouse_Brain_Visium_10x	AAAGTAGCATTGCTCA-1	51	27	7594	3339	20383.0	5940	9.728695481528725	9
Mouse_Brain_Visium_10x	AAAGTGTGATTTATCT-1	44	94	6756	7950	15926.0	4854	15.201557202059526	13
Mouse_Brain_Visium_10x	AAAGTTGACTCCCGTA-1	42	96	6516	8087	22486.0	5781	13.003646713510628	13
Mouse_Brain_Visium_10x	AAATAACCATACGGGA-1	14	88	3163	7537	19013.0	5191	15.04759901120286	6
Mouse_Brain_Visium_10x	AAATAAGGTAGTGCCC-1	31	115	5199	9395	21694.0	5291	21.692633907992995	5
Mouse_Brain_Visium_10x	AAATACCTATAAGCAT-1	47	69	7115	6229	33559.0	7050	13.713161893977771	4
Mouse_Brain_Visium_10x	AAATAGCTTAGACTTT-1	36	106	5798	8776	3614.0	1709	8.2180409518539	1
Mouse_Brain_Visium_10x	AAATAGGGTGCTATTG-1	53	79	7834	6917	28442.0	6588	12.056114197313832	11
Mouse_Brain_Visium_10x	AAATCCGATACACGCC-1	65	87	9271	7468	49708.0	8214	14.184839462460772	11
Mouse_Brain_Visium_10x	AAATCGCGGAAGGAGT-1	57	5	8313	1824	3277.0	1923	10.649984742142204	0
Mouse_Brain_Visium_10x	AAATCGTGTACCACAA-1	44	56	6756	5334	27578.0	6345	12.20175502211908	12
Mouse_Brain_Visium_10x	AAATCTAGCCCTGCTA-1	53	101	7834	8432	3144.0	1547	14.28117048346056	13
Mouse_Brain_Visium_10x	AAATGATTCGATCAGC-1	21	111	4002	9120	38064.0	7461	11.517444304329551	5
Mouse_Brain_Visium_10x	AAATGGCCCGTGCCCT-1	49	17	7355	2650	33516.0	7673	4.988662131519274	0
Mouse_Brain_Visium_10x	AAATGGTCAATGTGCC-1	33	51	5439	4990	42726.0	7483	14.192763188690726	2
Mouse_Brain_Visium_10x	AAATTAACGGGTAGCT-1	34	58	5558	5472	47184.0	7960	10.577738216344523	12
Mouse_Brain_Visium_10x	AAATTACACGACTCTG-1	14	86	3163	7399	12250.0	3459	24.693877551020407	6
Mouse_Brain_Visium_10x	AAATTACCTATCGATG-1	26	94	4600	7950	28020.0	6474	11.167023554603855	6
Mouse_Brain_Visium_10x	AAATTCCAGGTCCAAA-1	35	115	5678	9395	12909.0	3828	14.532496707723293	5
Mouse_Brain_Visium_10x	AAATTGATAGTCCTTT-1	55	31	8073	3614	10819.0	3625	16.757556151215454	9
Mouse_Brain_Visium_10x	AAATTTGCGGGTGTGG-1	47	33	7115	3751	34217.0	7020	13.934593915305257	9
Mouse_Brain_Visium_10x	AACAACTGGTAGTTGC-1	28	42	4840	4371	31929.0	6523	19.624792508377965	2
Mouse_Brain_Visium_10x	AACACACGCTCGCCGC-1	51	93	7594	7881	12271.0	4089	14.77467199087279	13
Mouse_Brain_Visium_10x	AACACGAGACGCGGCC-1	45	21	6876	2926	18230.0	5777	9.994514536478333	0
Mouse_Brain_Visium_10x	AACAGCTGTGTGGCAA-1	59	31	8552	3614	15407.0	5010	13.00058415006166	9
Mouse_Brain_Visium_10x	AACAGGATGGGCCGCG-1	29	31	4960	3614	17909.0	4500	27.31029091518231	2
Mouse_Brain_Visium_10x	AACAGGTAGTATGGAT-1	49	113	7355	9257	3720.0	1645	14.381720430107528	1
Mouse_Brain_Visium_10x	AACATATCAACTGGTG-1	27	99	4720	8294	16814.0	4883	11.871059831093136	6
Mouse_Brain_Visium_10x	AACATCGATACGTCTA-1	17	113	3523	9257	40479.0	7688	11.72706835643173	5
Mouse_Brain_Visium_10x	AACATTGTGACTCGAG-1	64	52	9151	5059	10951.0	3303	25.020546068852163	8
Mouse_Brain_Visium_10x	AACCAAGACTTCTCTG-1	36	24	5798	3132	26182.0	5834	21.28943549003132	14
Mouse_Brain_Visium_10x	AACCCATCCCATGATC-1	56	14	8193	2444	21824.0	5634	22.727272727272727	0
Mouse_Brain_Visium_10x	AACCCGAGCAGAATCG-1	57	113	8313	9257	15734.0	4821	11.827888648786068	1
Mouse_Brain_Visium_10x	AACCCTACTGTCAATA-1	40	96	6277	8087	21042.0	5554	15.435795076513639	1
Mouse_Brain_Visium_10x	AACCGAGCTTGGTCAT-1	24	70	4361	6298	35329.0	7208	12.23357581590195	3
Mouse_Brain_Visium_10x	AACCGCTAAGGGATGC-1	46	92	6995	7812	21834.0	5758	15.49876339653751	13
Mouse_Brain_Visium_10x	AACCTCGCTTTAGCCC-1	62	82	8912	7124	24985.0	6384	12.39143486091655	11
Mouse_Brain_Visium_10x	AACCTTTAAATACGGT-1	54	68	7954	6160	32745.0	7109	13.327225530615362	10
Mouse_Brain_Visium_10x	AACCTTTACGACGTCT-1	16	92	3403	7812	23781.0	6296	11.298936125478324	6
Mouse_Brain_Visium_10x	AACGAAAGTCGTCCCA-1	58	8	8433	2031	24188.0	6219	16.483380188523235	0
Mouse_Brain_Visium_10x	AACGATAATGCCGTAG-1	53	73	7834	6504	27982.0	6414	15.342005575012507	4
Mouse_Brain_Visium_10x	AACGATATGTCAACTG-1	24	76	4361	6711	40514.0	7634	12.501851211926743	3
Mouse_Brain_Visium_10x	AACGCATGATCTGGGT-1	20	104	3882	8638	33562.0	7045	12.147667004350158	5
Mouse_Brain_Visium_10x	AACGCGGTCTCCAGCC-1	23	65	4241	5954	30453.0	6659	13.995337076806882	3
Mouse_Brain_Visium_10x	AACGCTGTTGCTGAAA-1	54	94	7954	7950	4347.0	1678	16.287094547964113	13
Mouse_Brain_Visium_10x	AACGGACGTACGTATA-1	50	92	7474	7812	18833.0	5360	13.439175914617957	13
Mouse_Brain_Visium_10x	AACGGCCATCTCCGGT-1	47	39	7115	4164	25251.0	5900	15.076630628489962	9
Mouse_Brain_Visium_10x	AACGTACTGTGGGTAC-1	48	42	7235	4371	30019.0	6478	15.946567174123055	9
Mouse_Brain_Visium_10x	AACGTCAGACTAGTGG-1	24	40	4361	4233	13418.0	3531	31.338500521687283	2
Mouse_Brain_Visium_10x	AACGTCGCTGCACTTC-1	73	109	10229	8982	35249.0	7588	8.403075264546512	7
Mouse_Brain_Visium_10x	AACGTGCGAAAGTCTC-1	36	74	5798	6573	26330.0	6335	12.616786935055071	3
Mouse_Brain_Visium_10x	AACTACCCGTTTGTCA-1	47	113	7115	9257	6525.0	2655	14.544061302681992	1
Mouse_Brain_Visium_10x	AACTAGGCTTGGGTGT-1	55	61	8073	5679	30435.0	6934	11.562345983242976	8
Mouse_Brain_Visium_10x	AACTCAAGTTAATTGC-1	38	44	6038	4509	50656.0	8233	13.390319014529375	2
Mouse_Brain_Visium_10x	AACTCCAGAGCGTGTT-1	60	92	8672	7812	20641.0	6124	8.64299210309578	11
Mouse_Brain_Visium_10x	AACTCCTAATCCCATG-1	12	92	2924	7812	9917.0	2902	24.846223656347686	6
Mouse_Brain_Visium_10x	AACTCTCAATAGAGCG-1	35	93	5678	7881	12050.0	4170	11.120331950207468	1
Mouse_Brain_Visium_10x	AACTCTCAGTGTGCTC-1	53	41	7834	4302	15615.0	4112	27.902657700928597	9
Mouse_Brain_Visium_10x	AACTGGGTCCCGACGT-1	20	66	3882	6023	33913.0	7069	15.035532096836022	3
Mouse_Brain_Visium_10x	AACTTGCCCGTATGCA-1	29	27	4960	3338	11590.0	3369	26.18636755823986	14
Mouse_Brain_Visium_10x	AAGACATACGTGGTTT-1	68	114	9630	9326	31821.0	6855	9.990258005719493	7
Mouse_Brain_Visium_10x	AAGACCAAATAACTCA-1	62	6	8912	1893	15596.0	5464	10.9835855347525	0
Mouse_Brain_Visium_10x	AAGACCCAACTGAACA-1	60	54	8672	5197	55509.0	8471	8.766146030373454	8
Mouse_Brain_Visium_10x	AAGACTGCAAGCTACT-1	36	68	5798	6160	8388.0	2713	13.18550309966619	12
Mouse_Brain_Visium_10x	AAGAGCTCTTTATCGG-1	35	77	5678	6780	24453.0	5941	15.229215229215228	4
Mouse_Brain_Visium_10x	AAGAGGATGTACGCGA-1	39	29	6157	3476	30526.0	6629	16.291030596868243	14
Mouse_Brain_Visium_10x	AAGAGGCATGGATCGC-1	36	80	5798	6986	27012.0	6197	14.856360136235747	4
Mouse_Brain_Visium_10x	AAGAGGCCCTTTGGAA-1	59	109	8552	8982	32105.0	6772	11.966983335928983	7
Mouse_Brain_Visium_10x	AAGATGGCACCGGACC-1	59	39	8552	4164	9876.0	3390	18.65127582017011	9
Mouse_Brain_Visium_10x	AAGATTGGCGGAACGT-1	26	90	4600	7674	25887.0	6192	11.712442538726002	6
Mouse_Brain_Visium_10x	AAGCACCCTGCGTATC-1	59	73	8552	6505	21030.0	5676	13.06229196386115	10
Mouse_Brain_Visium_10x	AAGCATACTCTCCTGA-1	53	69	7834	6229	29207.0	6629	12.969493614544458	10
Mouse_Brain_Visium_10x	AAGCCGAAGCGGTTTA-1	49	107	7355	8845	8115.0	2778	11.37399876771411	1
Mouse_Brain_Visium_10x	AAGCGCAGGGCTTTGA-1	67	73	9510	6505	24682.0	5826	18.207600680657972	10
Mouse_Brain_Visium_10x	AAGCGTCCCTCATCGA-1	57	35	8313	3889	8545.0	3065	21.299005266237568	9
Mouse_Brain_Visium_10x	AAGCTAGATCGAGTAA-1	50	68	7475	6160	27506.0	6256	16.19283065512979	4
Mouse_Brain_Visium_10x	AAGCTCGTGCCAAGTC-1	35	73	5678	6504	23667.0	6075	12.20687032577006	3
Mouse_Brain_Visium_10x	AAGCTCTTTCATGGTG-1	57	81	8313	7055	21754.0	5759	12.866599246115657	11
Mouse_Brain_Visium_10x	AAGGAGCGGTTGGTGC-1	28	48	4840	4784	25626.0	5880	17.66565207211426	2
Mouse_Brain_Visium_10x	AAGGATCGATCGCTTG-1	39	109	6157	8982	1354.0	723	10.413589364844904	1
Mouse_Brain_Visium_10x	AAGGATGAGGGACCTC-1	27	87	4720	7468	22921.0	5853	13.084071375594434	6
Mouse_Brain_Visium_10x	AAGGCGCGTAAAGCTT-1	24	38	4361	4096	12840.0	3273	34.44704049844237	2
Mouse_Brain_Visium_10x	AAGGCTGTGCTCATCG-1	30	46	5080	4646	33715.0	6730	16.387364674477237	2
Mouse_Brain_Visium_10x	AAGGGAACGACTGGCT-1	63	21	9031	2926	9128.0	3716	14.504820333041192	0
Mouse_Brain_Visium_10x	AAGGGACAGATTCTGT-1	26	92	4600	7812	22126.0	5695	11.583657235831149	6
Mouse_Brain_Visium_10x	AAGGGACTATGCATTC-1	60	26	8672	3270	14586.0	4745	16.72151378033731	9
Mouse_Brain_Visium_10x	AAGGGTTTGATTTCAG-1	59	1	8553	1549	11672.0	4321	15.087388622344072	0
Mouse_Brain_Visium_10x	AAGGTATCCTAATATA-1	25	81	4481	7055	37161.0	7193	13.422674309087485	3
Mouse_Brain_Visium_10x	AAGGTGATAAACCAGC-1	44	92	6756	7812	22166.0	5736	15.05458810791302	13
Mouse_Brain_Visium_10x	AAGTAGTGACGCGAGG-1	33	31	5439	3614	22755.0	5412	21.335970116457922	14
Mouse_Brain_Visium_10x	AAGTCAATTGTCGTCA-1	45	101	6876	8432	10632.0	3567	8.117005267118135	1
Mouse_Brain_Visium_10x	AAGTCTTCTGTGGCCT-1	39	3	6157	1687	14553.0	4925	16.69071669071669	0
Mouse_Brain_Visium_10x	AAGTGACGACCGAATT-1	41	25	6397	3201	27955.0	6234	15.696655338937578	14
Mouse_Brain_Visium_10x	AAGTGAGTCGGGTTTA-1	62	48	8912	4784	12764.0	3446	28.752742087120026	8
Mouse_Brain_Visium_10x	AAGTGCCTTGACTGTA-1	44	104	6756	8638	7497.0	2742	15.686274509803921	1
Mouse_Brain_Visium_10x	AAGTGCGTTAGAATCT-1	49	27	7355	3339	31294.0	7233	8.493640953537419	9
Mouse_Brain_Visium_10x	AAGTGTTTGGAGACGG-1	52	80	7714	6986	26747.0	6349	13.11175085056268	11
Mouse_Brain_Visium_10x	AAGTTCACTCCAAGCT-1	57	85	8313	7330	23098.0	5747	15.152827084596069	11
Mouse_Brain_Visium_10x	AAGTTCAGTCTGCGTA-1	18	104	3642	8638	29504.0	6905	11.357781995661604	5
Mouse_Brain_Visium_10x	AAGTTCGGCCAACAGG-1	46	34	6996	3820	34414.0	6884	15.121752775033418	9
Mouse_Brain_Visium_10x	AAGTTGTGATGTTATA-1	66	106	9391	8776	28299.0	6714	8.827167037704513	7
Mouse_Brain_Visium_10x	AAGTTTATGGGCCCAA-1	68	70	9630	6298	37687.0	7307	16.910340435694003	10
Mouse_Brain_Visium_10x	AATAACAACGCTCGGC-1	36	30	5798	3545	37567.0	6850	20.65110336199324	14
Mouse_Brain_Visium_10x	AATAACACTAGAACAA-1	52	38	7714	4096	15023.0	4510	21.593556546628502	9
Mouse_Brain_Visium_10x	AATACCTGATGTGAAC-1	74	100	10349	8363	37513.0	7775	13.979153893316983	7
Mouse_Brain_Visium_10x	AATAGAACAGAGTGGC-1	52	46	7714	4646	21958.0	5264	23.089534565989617	8
Mouse_Brain_Visium_10x	AATAGAATCTGTTTCA-1	48	86	7235	7399	19709.0	5415	14.32340555076361	13
Mouse_Brain_Visium_10x	AATAGCTACCGCGTGC-1	19	111	3762	9120	33844.0	7139	11.582555253516134	5
Mouse_Brain_Visium_10x	AATAGTCCGTCCCGAC-1	57	57	8313	5403	42682.0	7623	11.16629961107727	8
Mouse_Brain_Visium_10x	AATATCCTAGCAAACT-1	46	2	6996	1618	47966.0	8536	6.554642872034358	0
Mouse_Brain_Visium_10x	AATATCGAATCAATGC-1	49	109	7355	8982	8321.0	3063	15.334695349116693	1
Mouse_Brain_Visium_10x	AATATCGAGGGTTCTC-1	27	101	4720	8431	6932.0	2899	9.881708020773225	1
Mouse_Brain_Visium_10x	AATATTGGAGTATTGA-1	36	22	5798	2994	10480.0	3293	26.48854961832061	14
Mouse_Brain_Visium_10x	AATCATGTAAAGACTC-1	54	98	7953	8225	12564.0	4078	14.024196115886662	13
Mouse_Brain_Visium_10x	AATCGCCTCAGCGCCA-1	39	79	6157	6917	20367.0	5347	16.752589973977514	4
Mouse_Brain_Visium_10x	AATCGCGCAGAGGACT-1	42	114	6516	9326	15940.0	4687	15.414052697616059	1
Mouse_Brain_Visium_10x	AATCGGTATAGCCCTC-1	71	109	9989	8982	42712.0	7926	7.419460573141038	7
Mouse_Brain_Visium_10x	AATCGTGAGCCGAGCA-1	67	83	9510	7193	33717.0	6979	13.915828810392384	11
Mouse_Brain_Visium_10x	AATCTAGGTTTACTTG-1	52	16	7714	2581	27744.0	7013	7.522347174163784	0
Mouse_Brain_Visium_10x	AATCTATGCCGGAGCC-1	26	110	4600	9051	9835.0	3492	14.682257244534824	5
Mouse_Brain_Visium_10x	AATCTCTACTGTGGTT-1	38	10	6038	2168	15751.0	5094	17.73220747889023	0
Mouse_Brain_Visium_10x	AATCTGCGTTGGGACG-1	32	92	5319	7812	16700.0	4800	12.970059880239521	6
Mouse_Brain_Visium_10x	AATCTGGCTTTCTAGT-1	51	15	7594	2513	27113.0	6845	7.158927451775901	0
Mouse_Brain_Visium_10x	AATGACAGCAATGTCT-1	48	30	7235	3545	22224.0	6042	12.486501079913607	9
Mouse_Brain_Visium_10x	AATGACGTAGGATGTC-1	44	78	6756	6849	17775.0	4923	19.71870604781997	4
Mouse_Brain_Visium_10x	AATGACTGTCAGCCGG-1	23	47	4241	4715	32705.0	6634	19.77679253936707	2
Mouse_Brain_Visium_10x	AATGATGATACGCTAT-1	23	93	4241	7881	26918.0	6424	11.95111078089011	6
Mouse_Brain_Visium_10x	AATGATGCGACTCCTG-1	25	101	4481	8431	15254.0	4583	13.498098859315588	6
Mouse_Brain_Visium_10x	AATGCAACCGGGTACC-1	25	59	4481	5541	39070.0	7107	15.676990017916559	3
Mouse_Brain_Visium_10x	AATGCACCAAGCAATG-1	19	97	3762	8156	35048.0	7161	11.412919424788862	6
Mouse_Brain_Visium_10x	AATGTGCCCGAGGTGT-1	55	27	8073	3339	29202.0	7090	6.687898089171974	9
Mouse_Brain_Visium_10x	AATGTTGTCGTGAGAC-1	68	108	9630	8913	36240.0	7686	7.240618101545254	7
Mouse_Brain_Visium_10x	AATTAAAGGTCGGCGT-1	40	50	6277	4921	43461.0	7713	10.107912841398035	12
Mouse_Brain_Visium_10x	AATTAACGGATTTCCA-1	58	66	8433	6023	35387.0	7241	12.552632322604346	10
Mouse_Brain_Visium_10x	AATTACGAGACCCATC-1	59	5	8552	1824	17789.0	5693	10.31536342683681	0
Mouse_Brain_Visium_10x	AATTAGCGCTGCAGCG-1	51	63	7594	5816	32577.0	6824	13.816496301071307	8
Mouse_Brain_Visium_10x	AATTCATAAGGGATCT-1	23	91	4241	7743	25991.0	6147	13.35462275403024	6
Mouse_Brain_Visium_10x	AATTCATTGTCATGCA-1	63	9	9032	2100	10462.0	4152	12.349455171095393	0
Mouse_Brain_Visium_10x	AATTCCAAGCATGTAC-1	66	58	9391	5472	22605.0	5537	22.738332227383324	10
Mouse_Brain_Visium_10x	AATTCGATTCGAGGAT-1	66	76	9391	6711	27417.0	6369	14.016850858956124	10
Mouse_Brain_Visium_10x	AATTCTAGAGTTAGGC-1	49	63	7355	5816	28143.0	6520	13.246633265820988	4
Mouse_Brain_Visium_10x	AATTGAACGCTCTGGT-1	45	83	6876	7193	5571.0	2311	15.149883324358285	4
Mouse_Brain_Visium_10x	AATTGCAGCAATCGAC-1	64	102	9151	8500	42725.0	7963	9.507314218841428	7
Mouse_Brain_Visium_10x	AATTTGGGACATAGTA-1	13	91	3044	7743	12678.0	3977	18.733238681179998	6
Mouse_Brain_Visium_10x	ACAAACCATGCGTCCT-1	64	16	9151	2582	7167.0	3311	12.683131017161992	0
Mouse_Brain_Visium_10x	ACAAAGAAGGTAGGCC-1	46	4	6996	1756	43162.0	8320	5.727260089893888	0
Mouse_Brain_Visium_10x	ACAAAGCATGACCTAG-1	63	97	9031	8156	43703.0	8002	9.335743541633297	7
Mouse_Brain_Visium_10x	ACAAATCGCACCGAAT-1	50	82	7475	7124	31287.0	6432	17.553616518042638	11
Mouse_Brain_Visium_10x	ACAAATGGTAGTGTTT-1	44	84	6756	7262	20227.0	5266	15.375488208829783	4
Mouse_Brain_Visium_10x	ACAACAGCATGAGCTA-1	32	72	5319	6436	31087.0	6634	11.001383214848651	3
Mouse_Brain_Visium_10x	ACAAGCAGTGCCTAGC-1	30	26	5080	3270	6648.0	2335	26.398916967509024	14
Mouse_Brain_Visium_10x	ACAAGGAAATCCGCCC-1	49	75	7355	6642	30014.0	6416	16.96541613913507	4
Mouse_Brain_Visium_10x	ACAAGGACAAGAGGTT-1	29	37	4960	4027	28644.0	6261	18.852115626309175	2
Mouse_Brain_Visium_10x	ACAAGGATGCTTTAGG-1	61	87	8792	7468	28412.0	6782	13.096578910319584	11
Mouse_Brain_Visium_10x	ACAAGGGCAGGCTCTG-1	44	76	6756	6711	19988.0	5304	16.439863918351012	4
Mouse_Brain_Visium_10x	ACAATAGTCGTACGTT-1	42	20	6517	2857	15970.0	5288	12.135253600500938	0
Mouse_Brain_Visium_10x	ACAATCCATTTAAACC-1	36	32	5798	3683	40260.0	7497	15.131644311972181	14
Mouse_Brain_Visium_10x	ACAATGAATACGGAGA-1	57	31	8313	3614	25267.0	6464	15.16998456484743	9
Mouse_Brain_Visium_10x	ACAATTGTGTCTCTTT-1	51	97	7594	8156	9788.0	3355	13.240702901512055	13
Mouse_Brain_Visium_10x	ACAATTTGAGCAGTGG-1	28	82	4840	7124	30934.0	6861	11.960949117475916	3
Mouse_Brain_Visium_10x	ACACAAAGACGGGTGG-1	24	56	4361	5334	28901.0	6290	18.67755440988201	2
Mouse_Brain_Visium_10x	ACACACCAGGACCAGT-1	44	90	6756	7674	20315.0	5433	16.431208466650258	13
Mouse_Brain_Visium_10x	ACACATGATCAAATCT-1	60	16	8672	2582	21814.0	6150	15.361694324745576	0
Mouse_Brain_Visium_10x	ACACCCAGCATGCAGC-1	24	50	4361	4921	26985.0	6104	18.52881230313137	2
Mouse_Brain_Visium_10x	ACACCTTAAGTAGGGC-1	25	43	4481	4440	28491.0	6342	16.99484047593977	2
Mouse_Brain_Visium_10x	ACACCTTACTACTTGC-1	41	111	6397	9120	13212.0	4155	14.305177111716622	1
Mouse_Brain_Visium_10x	ACACGAGACTCCTTCT-1	31	71	5199	6367	31269.0	6592	11.759250375771531	3
Mouse_Brain_Visium_10x	ACACGGGAACTTAGGG-1	27	71	4720	6367	28325.0	6425	14.082965578111208	3
Mouse_Brain_Visium_10x	ACACGTAGGCCACAAG-1	58	110	8432	9051	21269.0	5606	11.928158352531854	7
Mouse_Brain_Visium_10x	ACACTGATCAAGGTGT-1	52	48	7714	4784	18039.0	4737	23.51571594877765	8
Mouse_Brain_Visium_10x	ACAGAACTGAGAACAA-1	52	24	7714	3132	39359.0	7970	7.988007825402069	9
Mouse_Brain_Visium_10x	ACAGCGACATTCTCAT-1	59	99	8552	8294	20255.0	5479	11.987163663293014	13
Mouse_Brain_Visium_10x	ACAGGCACGGATCCTT-1	69	95	9750	8019	39455.0	7800	10.83259409453808	7
Mouse_Brain_Visium_10x	ACAGGCTTGCCCGACT-1	53	87	7834	7468	20036.0	5268	18.192253942902774	11
Mouse_Brain_Visium_10x	ACAGGTGGAGGTGAGG-1	51	39	7594	4164	11841.0	3878	22.143400050671396	9
Mouse_Brain_Visium_10x	ACAGTAATACAACTTG-1	46	14	6996	2444	34151.0	7839	5.756786038476179	0
Mouse_Brain_Visium_10x	ACATAAGTCGTGGTGA-1	59	9	8552	2100	27357.0	6797	14.475271411338964	0
Mouse_Brain_Visium_10x	ACATAATAAGGCGGTG-1	21	63	4002	5816	30432.0	6483	16.295347003154575	3
Mouse_Brain_Visium_10x	ACATCCCGGCCATACG-1	55	57	8073	5403	37788.0	7288	10.815602836879433	8
Mouse_Brain_Visium_10x	ACATCCTGGTAACTGT-1	42	102	6516	8500	6956.0	2488	11.63024726854514	1
Mouse_Brain_Visium_10x	ACATCGATCGTTTACC-1	42	62	6517	5747	18332.0	5144	14.82653283875191	12
Mouse_Brain_Visium_10x	ACATCGGTCAGCCGCG-1	41	37	6397	4027	29908.0	6535	14.618162364584727	9
Mouse_Brain_Visium_10x	ACATCGTATGCAATGG-1	45	81	6876	7055	22587.0	5847	13.49891530526409	4
Mouse_Brain_Visium_10x	ACATGGCGCCAAAGTA-1	40	104	6277	8638	26491.0	6381	11.21890453361519	1
Mouse_Brain_Visium_10x	ACATTAGTTTATATCC-1	51	61	7594	5679	24674.0	6312	11.668152711356083	8
Mouse_Brain_Visium_10x	ACATTTGAAACCTAAC-1	73	99	10229	8294	49896.0	8482	12.425845759179092	7
Mouse_Brain_Visium_10x	ACCAAACACCCAGCGA-1	17	115	3523	9395	70165.0	8880	13.79320173875864	5
Mouse_Brain_Visium_10x	ACCAACACCACACACT-1	20	110	3882	9051	37783.0	7398	10.94407537781542	5
Mouse_Brain_Visium_10x	ACCAACCGCACTCCAC-1	65	97	9271	8156	38443.0	7775	8.331815935280805	7
Mouse_Brain_Visium_10x	ACCAACGCTTATTTAT-1	53	49	7834	4853	22574.0	5193	25.75529370071764	8
Mouse_Brain_Visium_10x	ACCAAGTCATCGGCAG-1	70	106	9870	8776	36317.0	7447	8.709419830933172	7
Mouse_Brain_Visium_10x	ACCAATATGCAAGTTA-1	56	78	8193	6849	24590.0	6055	13.87555917039447	11
Mouse_Brain_Visium_10x	ACCACAAGTTTCTATC-1	30	54	5079	5197	42085.0	7350	13.867173577284067	2
Mouse_Brain_Visium_10x	ACCACCAATGTAACAA-1	41	107	6397	8844	20600.0	5220	10.834951456310678	1
Mouse_Brain_Visium_10x	ACCACGTGCAGCTATA-1	48	76	7235	6711	21886.0	5552	16.234122269944258	4
Mouse_Brain_Visium_10x	ACCAGACCATAACAAC-1	38	4	6038	1756	11298.0	4398	12.781023189945124	0
Mouse_Brain_Visium_10x	ACCAGTGCGGGAGACG-1	48	94	7235	7950	22130.0	5336	11.351107094441934	13
Mouse_Brain_Visium_10x	ACCATATCCGCAATAA-1	38	56	6038	5334	49252.0	8115	9.24632502233412	12
Mouse_Brain_Visium_10x	ACCATCCGCCAACTAG-1	44	12	6756	2306	28925.0	7260	5.963699222126189	0
Mouse_Brain_Visium_10x	ACCATCGTATATGGTA-1	42	42	6517	4371	39893.0	7610	12.019652570626425	9
Mouse_Brain_Visium_10x	ACCCAACGCCCGTGGC-1	30	86	5079	7399	16720.0	4737	11.267942583732058	4
Mouse_Brain_Visium_10x	ACCCATCTTGAGGGTA-1	37	37	5918	4027	35581.0	7039	14.122705938562715	14
Mouse_Brain_Visium_10x	ACCCATTTGTCCCTCT-1	60	100	8672	8363	20538.0	5599	11.812250462557211	7
Mouse_Brain_Visium_10x	ACCCGGAAACTCCCAG-1	57	65	8313	5954	31494.0	6759	13.983615926843207	10
Mouse_Brain_Visium_10x	ACCCGGATGACGCATC-1	38	100	6037	8363	22902.0	6195	12.2347393240765	1
Mouse_Brain_Visium_10x	ACCCGGTTACACTTCC-1	42	48	6517	4784	39105.0	7465	10.200741593146656	8
Mouse_Brain_Visium_10x	ACCCGTGTCATCAGTA-1	58	54	8433	5197	25228.0	5774	18.64198509592516	8
Mouse_Brain_Visium_10x	ACCCTATGCCATATCG-1	56	40	8193	4233	26222.0	6342	11.818320494241478	9
Mouse_Brain_Visium_10x	ACCCTCCCGTCAGGGC-1	69	99	9750	8294	33744.0	7341	8.825272641062115	7
Mouse_Brain_Visium_10x	ACCCTCCCTTGCTATT-1	48	84	7235	7262	14874.0	4640	15.153959930079333	11
Mouse_Brain_Visium_10x	ACCCTGGTAACGCCCT-1	21	115	4002	9395	30537.0	6826	11.18970429315257	5
Mouse_Brain_Visium_10x	ACCGAAGAGTCTGGTT-1	57	11	8313	2237	23211.0	6045	17.052259704450474	0
Mouse_Brain_Visium_10x	ACCGACACATCTCCCA-1	61	67	8792	6092	22318.0	5729	17.147593870418497	10
Mouse_Brain_Visium_10x	ACCGACTGAGTCCCAC-1	28	66	4840	6023	37558.0	7223	11.800415357580276	3
Mouse_Brain_Visium_10x	ACCGAGTCTCCTTATT-1	71	79	9989	6918	45510.0	8015	9.182597231377718	10
Mouse_Brain_Visium_10x	ACCGATGGTAGCATCG-1	36	92	5798	7812	23826.0	6031	12.179971459749853	4
Mouse_Brain_Visium_10x	ACCGCAATAACTGCCT-1	51	79	7594	6917	27900.0	6261	16.9247311827957	11
Mouse_Brain_Visium_10x	ACCGCGGTGGAAGTCG-1	44	106	6756	8776	5680.0	1978	17.04225352112676	1
Mouse_Brain_Visium_10x	ACCGGGCCTTTGTTGA-1	46	98	6995	8225	15433.0	4088	13.348020475604224	13
Mouse_Brain_Visium_10x	ACCGGTCAGGTACACC-1	59	15	8552	2513	32752.0	7197	13.452613580850025	0
Mouse_Brain_Visium_10x	ACCGTCCACTGGGCCC-1	63	5	9032	1824	11242.0	4437	12.284291051414339	0
Mouse_Brain_Visium_10x	ACCTAAGTACCTTTCA-1	50	30	7475	3545	18680.0	5726	11.188436830835117	9
Mouse_Brain_Visium_10x	ACCTAATCGACTTCCT-1	32	30	5319	3545	21549.0	5360	19.643602951413058	14
Mouse_Brain_Visium_10x	ACCTACAGTATGTGGT-1	41	113	6397	9257	16944.0	4874	14.199716713881019	1
Mouse_Brain_Visium_10x	ACCTACTATAAATCTA-1	68	58	9630	5472	41387.0	7882	10.034551912436273	10
Mouse_Brain_Visium_10x	ACCTCCGCCCTCGCTG-1	55	107	8073	8845	4646.0	2014	13.4739560912613	7
Mouse_Brain_Visium_10x	ACCTCCGTTATTCACC-1	34	112	5558	9189	9157.0	3014	16.17341924210986	5
Mouse_Brain_Visium_10x	ACCTGCGTGTCATGTT-1	46	18	6996	2719	25243.0	6525	9.883928217723724	0
Mouse_Brain_Visium_10x	ACGAAATGGGCGGCAC-1	32	24	5319	3132	4894.0	2113	18.961994278708623	14
Mouse_Brain_Visium_10x	ACGACTCTAGGGCCGA-1	71	93	9989	7881	50246.0	8288	9.554989451896668	7
Mouse_Brain_Visium_10x	ACGAGGATACCACTCT-1	50	18	7475	2719	21311.0	6120	8.282107831636244	0
Mouse_Brain_Visium_10x	ACGAGGTTTACAACGT-1	57	13	8313	2375	20533.0	5636	18.38990892709297	0
Mouse_Brain_Visium_10x	ACGAGTACGGATGCCC-1	28	104	4840	8638	3216.0	1427	12.531094527363184	5
Mouse_Brain_Visium_10x	ACGATACATAGAACTA-1	22	80	4121	6986	41906.0	7697	11.048537202309932	6
Mouse_Brain_Visium_10x	ACGATCATACATAGAG-1	25	63	4481	5816	29967.0	6450	14.893049020589316	3
Mouse_Brain_Visium_10x	ACGATCATCTTGTAAA-1	36	102	5798	8500	19531.0	5539	12.25231682965542	1
Mouse_Brain_Visium_10x	ACGATGCATATGTTAT-1	37	43	5918	4440	39826.0	7454	13.099482749962336	2
Mouse_Brain_Visium_10x	ACGCAAACTAATAGAT-1	63	47	9031	4715	15143.0	4266	15.30740276035132	8
Mouse_Brain_Visium_10x	ACGCAATCACTACAGC-1	25	109	4481	8982	1858.0	999	12.378902045209902	5
Mouse_Brain_Visium_10x	ACGCATACGTTTACTA-1	56	102	8193	8500	8308.0	2951	17.441020702936928	13
Mouse_Brain_Visium_10x	ACGCATTCGTGAGTAC-1	33	61	5439	5679	29249.0	6278	14.338951759034495	12
Mouse_Brain_Visium_10x	ACGCCAGATGATTTCT-1	17	73	3523	6504	15056.0	4421	19.00903294367694	3
Mouse_Brain_Visium_10x	ACGCCAGTGCGTTTGC-1	72	102	10109	8500	44911.0	8178	4.662554830665093	7
Mouse_Brain_Visium_10x	ACGCCGCTAGACGACC-1	43	71	6636	6367	24456.0	6137	13.33006215243703	4
Mouse_Brain_Visium_10x	ACGCGAAGTCAGACGA-1	49	59	7355	5541	22423.0	5579	12.942068411898497	12
Mouse_Brain_Visium_10x	ACGCGCTACACAGGGT-1	41	31	6397	3614	27397.0	6222	14.001533014563638	14
Mouse_Brain_Visium_10x	ACGCGGGCCAAGGACA-1	34	62	5558	5747	48003.0	8051	7.528696123158969	12
Mouse_Brain_Visium_10x	ACGCTAGTGATACACT-1	28	100	4840	8363	4111.0	1787	11.870591097056678	1
Mouse_Brain_Visium_10x	ACGCTGTGAGGCGTAG-1	39	13	6157	2375	13357.0	4367	20.655835891292956	0
Mouse_Brain_Visium_10x	ACGGAACACGAGTGCC-1	73	101	10229	8432	42826.0	7969	9.122962686218653	7
Mouse_Brain_Visium_10x	ACGGACTCTCAAAGCG-1	61	75	8792	6642	28852.0	6737	13.472202966865382	10
Mouse_Brain_Visium_10x	ACGGAGCGCAAATTAC-1	18	108	3642	8913	42126.0	7691	10.627640886863219	5
Mouse_Brain_Visium_10x	ACGGATGGTGCGGATA-1	57	79	8313	6917	25261.0	6235	13.376350896639089	11
Mouse_Brain_Visium_10x	ACGGCACTTGCTTGGG-1	52	60	7714	5610	21370.0	5637	11.750116986429575	8
Mouse_Brain_Visium_10x	ACGGCCAACATGGACT-1	53	55	7834	5266	43657.0	7696	12.424124424490918	8
Mouse_Brain_Visium_10x	ACGGCGACGATGGGAA-1	49	77	7355	6780	18454.0	4922	20.082366966511326	4
Mouse_Brain_Visium_10x	ACGGCTGGATGTAGAA-1	61	11	8792	2237	20291.0	6119	11.606130796905031	0
Mouse_Brain_Visium_10x	ACGGGAGTGTCGGCCC-1	47	25	7115	3201	19535.0	5947	10.125415920143332	0
Mouse_Brain_Visium_10x	ACGGTACAGTTCAATG-1	71	97	9989	8156	45409.0	8256	3.7811887511286306	7
Mouse_Brain_Visium_10x	ACGTAGATTGCTGATG-1	33	67	5439	6091	30626.0	6690	10.285378436622478	3
Mouse_Brain_Visium_10x	ACGTAGGAGAGTCGCT-1	70	72	9870	6436	46231.0	7929	14.263156756289069	10
Mouse_Brain_Visium_10x	ACGTATTACTCCGATC-1	41	97	6397	8156	18774.0	5347	12.79428997549803	1
Mouse_Brain_Visium_10x	ACGTCTCGTTCCGGGA-1	44	6	6756	1893	39523.0	7933	6.5835083369177445	0
Mouse_Brain_Visium_10x	ACGTGACAAAGTAAGT-1	52	4	7714	1756	36417.0	7693	6.532663316582915	0
Mouse_Brain_Visium_10x	ACGTGCGCCTCGTGCA-1	17	63	3523	5816	7416.0	2498	26.429341963322546	3
Mouse_Brain_Visium_10x	ACGTTAATGTCGAAGA-1	41	69	6397	6229	28501.0	6327	15.676642924809656	12
Mouse_Brain_Visium_10x	ACGTTAGATTTGCCCG-1	39	39	6157	4164	29833.0	6596	14.185633359031943	9
Mouse_Brain_Visium_10x	ACGTTCGCAATCAATT-1	33	113	5439	9257	55807.0	8259	5.538731700324332	5
Mouse_Brain_Visium_10x	ACGTTCGTTCAGGAAA-1	60	44	8672	4509	17042.0	4428	24.064076986269217	8
Mouse_Brain_Visium_10x	ACGTTCTGTACAAGTC-1	65	95	9271	8019	35844.0	7475	9.66131012163821	7
Mouse_Brain_Visium_10x	ACTACATCCCGACAAG-1	63	17	9031	2650	8297.0	3500	14.089429914426901	0
Mouse_Brain_Visium_10x	ACTACCAGCTCTCTGG-1	25	41	4481	4302	24035.0	5601	20.49511129602663	2
Mouse_Brain_Visium_10x	ACTACGCGTTAGAATT-1	60	56	8672	5335	31237.0	6665	13.151070845471716	8
Mouse_Brain_Visium_10x	ACTAGTTGCGATCGTC-1	50	104	7474	8638	9077.0	3274	13.429547207227058	13
Mouse_Brain_Visium_10x	ACTATATGCTGTGTTC-1	13	105	3044	8707	32469.0	7177	11.34004742985617	5
Mouse_Brain_Visium_10x	ACTATCCAGGGCATGG-1	38	108	6037	8913	1933.0	980	10.967408173823074	1
Mouse_Brain_Visium_10x	ACTATCTGCCCGCGTA-1	53	113	7834	9257	2683.0	1348	7.976146105106224	1
Mouse_Brain_Visium_10x	ACTATTTCCGGGCCCA-1	59	41	8552	4302	14834.0	3786	28.987461237697183	8
Mouse_Brain_Visium_10x	ACTCAAGTGCAAGGCT-1	60	86	8672	7399	32142.0	7023	11.934540476634933	11
Mouse_Brain_Visium_10x	ACTCAATAAAGGCACG-1	25	69	4481	6229	42584.0	7561	13.244411046402405	3
Mouse_Brain_Visium_10x	ACTCCCATTCCTAAAG-1	47	17	7115	2650	29702.0	7314	8.548245909366372	0
Mouse_Brain_Visium_10x	ACTCCCGAATTCGTTT-1	32	104	5319	8638	38294.0	6557	7.7610069462579	1
Mouse_Brain_Visium_10x	ACTCCCTAATGCTAAA-1	57	69	8313	6229	34670.0	7142	13.882319007787714	10
Mouse_Brain_Visium_10x	ACTCCCTAGAATAGTA-1	48	70	7235	6298	25732.0	6312	13.590082387688481	4
Mouse_Brain_Visium_10x	ACTCCGGCCGACCACT-1	70	90	9870	7675	57780.0	8586	8.284873658705434	7
Mouse_Brain_Visium_10x	ACTCGCCGTTCGATAA-1	67	111	9510	9120	44991.0	8304	8.13940565890956	7
Mouse_Brain_Visium_10x	ACTCGTAACCCGTCCT-1	49	23	7355	3063	24499.0	6529	9.453447079472632	0
Mouse_Brain_Visium_10x	ACTCGTCAGTAATCCC-1	36	78	5798	6849	26615.0	6316	14.213789216607175	4
Mouse_Brain_Visium_10x	ACTCTCTGACTTAGGT-1	42	78	6516	6849	13992.0	4307	15.294453973699257	4
Mouse_Brain_Visium_10x	ACTCTGACCTAATAGA-1	69	97	9750	8156	37914.0	7616	10.708445429129082	7
Mouse_Brain_Visium_10x	ACTCTTGTATAGTAAC-1	36	70	5798	6298	12198.0	4023	10.755861616658468	3
Mouse_Brain_Visium_10x	ACTGAAACGCCGTTAG-1	57	93	8313	7881	28272.0	6803	11.757215619694398	11
Mouse_Brain_Visium_10x	ACTGAATGGCGAAAGT-1	47	83	7115	7193	23482.0	5863	15.854697214888	11
Mouse_Brain_Visium_10x	ACTGCCGTCGTAACTC-1	16	70	3403	6298	15216.0	4078	25.96608832807571	3
Mouse_Brain_Visium_10x	ACTGCTCGGAAGGATG-1	53	9	7834	2100	27626.0	6759	10.106421487004996	0
Mouse_Brain_Visium_10x	ACTGTACGATACACAT-1	30	78	5079	6849	28444.0	6517	9.988046688229502	3
Mouse_Brain_Visium_10x	ACTGTAGCACTTTGGA-1	27	39	4720	4164	23331.0	5738	19.956281342419956	2
Mouse_Brain_Visium_10x	ACTGTCCAGGATTATA-1	33	55	5439	5266	31736.0	6393	17.47227123771112	12
Mouse_Brain_Visium_10x	ACTGTCTTCTTTAGAA-1	30	64	5079	5885	36479.0	7168	10.81444118533951	3
Mouse_Brain_Visium_10x	ACTTACGCATCCACGC-1	58	78	8433	6849	23224.0	5979	12.723906303823632	11
Mouse_Brain_Visium_10x	ACTTATACTTACCCGG-1	36	90	5798	7674	20782.0	5560	15.53267250505245	4
Mouse_Brain_Visium_10x	ACTTATTAGGATCGGT-1	38	52	6038	5059	37470.0	7280	10.218841740058714	12
Mouse_Brain_Visium_10x	ACTTATTTATGTGCCA-1	46	90	6995	7674	17847.0	5126	13.739003754132348	13
Mouse_Brain_Visium_10x	ACTTCAGGCTGATCCC-1	51	81	7594	7055	22509.0	5555	16.72664267626283	11
Mouse_Brain_Visium_10x	ACTTCCAGTGGAAGCT-1	57	3	8313	1687	4843.0	2452	10.88168490604997	0
Mouse_Brain_Visium_10x	ACTTCCATGCGGGACA-1	61	85	8792	7330	25770.0	6335	12.933643771827708	11
Mouse_Brain_Visium_10x	ACTTCGCCATACGCAC-1	27	75	4720	6642	28317.0	6327	12.76618285835364	3
Mouse_Brain_Visium_10x	ACTTGACTCCCTCTTT-1	42	72	6517	6436	18045.0	4887	16.935439179828208	4
Mouse_Brain_Visium_10x	ACTTGGGACCCGGTGG-1	29	49	4960	4853	27242.0	6124	15.901916158872329	2
Mouse_Brain_Visium_10x	ACTTGTAGTCCCTTCA-1	44	10	6756	2169	26693.0	6841	7.226613718952535	0
Mouse_Brain_Visium_10x	ACTTGTGGATGGAACG-1	52	108	7714	8913	5121.0	2194	11.11111111111111	1
Mouse_Brain_Visium_10x	ACTTTACCCTCATGAA-1	32	106	5319	8776	23054.0	5768	9.213151730719181	1
Mouse_Brain_Visium_10x	ACTTTCCTATAGCTTC-1	28	62	4840	5747	29968.0	6610	14.658969567538707	3
Mouse_Brain_Visium_10x	ACTTTGACTGCATCCT-1	39	11	6157	2237	16309.0	4736	20.62051627935496	0
Mouse_Brain_Visium_10x	ACTTTGGTCGTGCTCC-1	61	13	8792	2375	25029.0	6597	12.853090415118462	0
Mouse_Brain_Visium_10x	AGAACCCTCAATTGGG-1	61	9	8792	2100	22541.0	6388	12.430681868595004	0
Mouse_Brain_Visium_10x	AGAACGTGGTACATTC-1	27	73	4720	6504	38869.0	7276	12.25140857752965	3
Mouse_Brain_Visium_10x	AGAAGAGCGCCGTTCC-1	38	88	6037	7537	434.0	351	11.52073732718894	4
Mouse_Brain_Visium_10x	AGAAGGTACACTTCAC-1	52	14	7714	2444	32262.0	7289	5.42433823073585	0
Mouse_Brain_Visium_10x	AGAAGGTTGCCGAATT-1	42	44	6517	4509	27958.0	6490	12.8442663995994	2
Mouse_Brain_Visium_10x	AGAAGGTTGTAGGTCG-1	64	78	9151	6849	29226.0	6632	16.90960104016971	10
Mouse_Brain_Visium_10x	AGAAGTGATTCGTGAT-1	48	28	7235	3407	18356.0	5673	10.781215951187622	9
Mouse_Brain_Visium_10x	AGAATGCGGGTTCGGA-1	12	108	2924	8913	42372.0	7879	10.049089021051639	5
Mouse_Brain_Visium_10x	AGAATTATGGATTCGA-1	32	98	5319	8225	23450.0	6347	10.678038379530918	1
Mouse_Brain_Visium_10x	AGACCAAACCACACCT-1	51	9	7594	2100	35827.0	7505	8.55779160967985	0
Mouse_Brain_Visium_10x	AGACCCACCGCTGATC-1	49	65	7355	5954	28860.0	6622	12.952182952182953	4
Mouse_Brain_Visium_10x	AGACCCGCCCTCCTCG-1	26	56	4600	5334	27617.0	6143	16.612955788101534	2
Mouse_Brain_Visium_10x	AGACCGCTCCGCGGTT-1	51	111	7594	9120	5027.0	2139	11.398448378754725	1
Mouse_Brain_Visium_10x	AGACCGGGAAACCCTG-1	41	17	6397	2650	27680.0	6520	16.911127167630056	0
Mouse_Brain_Visium_10x	AGACGAAGTGCCGGTC-1	49	97	7355	8156	9957.0	3396	12.975795922466608	13
Mouse_Brain_Visium_10x	AGACGACGATGCCGCT-1	53	33	7834	3752	11029.0	3769	19.21298395140085	9
Mouse_Brain_Visium_10x	AGACTAGCCTTCCAGA-1	28	46	4840	4646	29526.0	6133	18.23816297500508	2
Mouse_Brain_Visium_10x	AGAGAACCGTCTAGGA-1	26	88	4600	7537	26738.0	6314	12.633704839554191	6
Mouse_Brain_Visium_10x	AGAGAAGGAGTACAAT-1	58	34	8433	3820	5293.0	2082	20.177593047421123	9
Mouse_Brain_Visium_10x	AGAGATCTCTAAAGCG-1	40	18	6277	2719	23388.0	6324	15.114588677954508	0
Mouse_Brain_Visium_10x	AGAGCCGCCGAGATTT-1	58	112	8432	9189	15439.0	4296	13.731459291404885	1
Mouse_Brain_Visium_10x	AGAGGCTTCGGAAACC-1	51	101	7594	8432	8731.0	3045	17.340510823502463	13
Mouse_Brain_Visium_10x	AGAGTAAACTTCACTA-1	48	106	7235	8776	7565.0	2789	12.055518836748183	1
Mouse_Brain_Visium_10x	AGATAACTTCAGGGCC-1	32	44	5319	4508	40370.0	7225	17.15382709933119	2
Mouse_Brain_Visium_10x	AGATACCAATAGAACC-1	64	110	9151	9051	49916.0	8288	9.489943104415417	7
Mouse_Brain_Visium_10x	AGATACCGGTGTTCAC-1	40	38	6277	4096	33411.0	6900	14.785549669270601	9
Mouse_Brain_Visium_10x	AGATACTCAAGATCGA-1	46	82	6995	7124	13436.0	4187	17.22983030663888	4
Mouse_Brain_Visium_10x	AGATATAATACGACTA-1	64	72	9151	6436	35770.0	7427	11.747274252166621	10
Mouse_Brain_Visium_10x	AGATCGTGCATAAGAT-1	21	97	4002	8156	30972.0	6704	13.3120237633992	6
Mouse_Brain_Visium_10x	AGATCTCAGGTGTGAT-1	29	75	4960	6642	26513.0	6314	12.065779051785915	3
Mouse_Brain_Visium_10x	AGATGACTCGCCCACG-1	21	55	4002	5266	27245.0	6184	18.513488713525415	3
Mouse_Brain_Visium_10x	AGATGAGGGTTGCGAT-1	14	98	3163	8225	29989.0	7005	11.40418153322885	5
Mouse_Brain_Visium_10x	AGATGATGGAGTCTGG-1	34	106	5558	8776	17887.0	5256	10.493654609492928	1
Mouse_Brain_Visium_10x	AGATGCAAGACGTGCA-1	58	24	8433	3132	23936.0	5942	22.07971256684492	9
Mouse_Brain_Visium_10x	AGATGCATCCTGTGTC-1	48	6	7235	1893	35351.0	7949	5.179485728833696	0
Mouse_Brain_Visium_10x	AGATTATAGGACGTTT-1	36	54	5798	5197	35815.0	7016	11.631997766299037	12
Mouse_Brain_Visium_10x	AGATTCACAACCGATA-1	53	13	7834	2375	39988.0	7763	8.04741422426728	0
Mouse_Brain_Visium_10x	AGCAAAGGCCGCTAGT-1	60	72	8672	6436	29279.0	6518	15.369377369445678	10
Mouse_Brain_Visium_10x	AGCAACATATCTTATT-1	41	93	6397	7881	17955.0	5264	13.18295739348371	13
Mouse_Brain_Visium_10x	AGCAACCGAAAGTAAT-1	56	20	8193	2857	35963.0	7429	14.776297861691182	0
Mouse_Brain_Visium_10x	AGCACCAGTACTCACG-1	27	65	4720	5954	32940.0	6805	12.443837279902855	3
Mouse_Brain_Visium_10x	AGCACTACCTCACCAG-1	53	81	7834	7055	28831.0	6531	13.155977940411361	11
Mouse_Brain_Visium_10x	AGCACTTAAGGACGCC-1	31	35	5199	3889	27854.0	5991	20.366913190206073	2
Mouse_Brain_Visium_10x	AGCAGAAGGAGAAAGA-1	64	68	9151	6160	35293.0	7050	15.348652707335733	10
Mouse_Brain_Visium_10x	AGCAGCCAGATGAATA-1	56	58	8193	5472	46012.0	7789	12.081630878901157	8
Mouse_Brain_Visium_10x	AGCATATCAATATGCT-1	51	95	7594	8019	7865.0	3017	13.85886840432295	13
Mouse_Brain_Visium_10x	AGCATCATTTCGAAAG-1	53	19	7834	2788	33985.0	7399	7.200235397969693	0
Mouse_Brain_Visium_10x	AGCATCGTCGATAATT-1	22	52	4121	5059	26716.0	6001	19.291810151220243	2
Mouse_Brain_Visium_10x	AGCATTACGAGGCAAG-1	67	105	9510	8707	31068.0	7088	8.812926483841895	7
Mouse_Brain_Visium_10x	AGCCAAGCTTTGTGTC-1	64	58	9151	5472	23443.0	6233	8.454549332423325	10
Mouse_Brain_Visium_10x	AGCCACAGGTTACCCG-1	63	89	9031	7606	23995.0	6190	11.406543029797875	11
Mouse_Brain_Visium_10x	AGCCACTCCCGTGCTT-1	23	81	4241	7055	33833.0	6948	12.328200277835249	6
Mouse_Brain_Visium_10x	AGCCCATACATGTAAG-1	42	26	6517	3270	31424.0	6750	14.552571283095721	14
Mouse_Brain_Visium_10x	AGCCCGCACTACAATG-1	73	111	10229	9120	57635.0	8875	7.910124056562852	7
Mouse_Brain_Visium_10x	AGCCCGGTAGCCTGTA-1	61	49	8792	4853	16648.0	4197	29.541086016338298	8
Mouse_Brain_Visium_10x	AGCCCTTCTAATCCGA-1	17	103	3523	8569	28967.0	6808	10.08734076707978	5
Mouse_Brain_Visium_10x	AGCCGTGGCTAAATGT-1	50	22	7475	2994	38377.0	8114	5.255752143210778	0
Mouse_Brain_Visium_10x	AGCCTAATACCCACGT-1	50	14	7475	2444	25044.0	6674	8.31736144385881	0
Mouse_Brain_Visium_10x	AGCGACAGGAACGGTC-1	51	37	7594	4027	12350.0	4122	17.86234817813765	9
Mouse_Brain_Visium_10x	AGCGACCAACGATATT-1	25	55	4481	5266	31388.0	6720	16.477634764878296	2
Mouse_Brain_Visium_10x	AGCGATGCGCCTAATA-1	64	108	9151	8913	40654.0	7743	9.77763565700792	7
Mouse_Brain_Visium_10x	AGCGCATAATGAATCG-1	57	55	8313	5266	44964.0	7604	13.39960857574949	8
Mouse_Brain_Visium_10x	AGCGCGGGTGCCAATG-1	24	92	4361	7812	27673.0	6476	11.769594912008094	6
Mouse_Brain_Visium_10x	AGCGGACACTTCGTAG-1	62	62	8912	5747	22833.0	5664	17.07616169579118	10
Mouse_Brain_Visium_10x	AGCGGCGGTTAGCGGT-1	50	12	7475	2306	31064.0	7305	7.800025753283543	0
Mouse_Brain_Visium_10x	AGCGGGTCTGACACTC-1	66	66	9391	6023	47392.0	8020	8.298869007427413	10
Mouse_Brain_Visium_10x	AGCGTGGTATTCTACT-1	45	71	6876	6367	19450.0	5391	11.593830334190232	4
Mouse_Brain_Visium_10x	AGCTAAGTACGCAGGC-1	64	86	9151	7399	39289.0	7654	14.322074881009952	11
Mouse_Brain_Visium_10x	AGCTAGAAGCAGAAGT-1	21	99	4002	8294	30039.0	6769	12.407203968174706	6
Mouse_Brain_Visium_10x	AGCTATTTAATCCAAC-1	16	74	3403	6573	12432.0	3570	25.619369369369373	6
Mouse_Brain_Visium_10x	AGCTCCATATATGTTC-1	57	109	8313	8982	8743.0	3306	13.736703648633192	7
Mouse_Brain_Visium_10x	AGCTCCTTCGCACATC-1	52	86	7714	7399	19601.0	5140	17.580735676751186	11
Mouse_Brain_Visium_10x	AGCTCTAGACGTTCCA-1	38	76	6037	6711	27293.0	6471	12.952038984354964	4
Mouse_Brain_Visium_10x	AGCTCTTCCCAGTGCA-1	18	88	3642	7537	22254.0	5686	13.287498876606453	6
Mouse_Brain_Visium_10x	AGCTCTTCGTAACCTT-1	39	107	6157	8844	3165.0	1483	11.500789889415481	1
Mouse_Brain_Visium_10x	AGCTCTTTACTCAGTT-1	41	45	6397	4577	36703.0	7277	10.742991036155082	2
Mouse_Brain_Visium_10x	AGCTGAAGTAAACCAA-1	20	84	3882	7261	38925.0	7463	12.981374438021836	6
Mouse_Brain_Visium_10x	AGCTGTAACCTCAATC-1	54	28	7954	3407	30750.0	7086	9.486178861788618	9
Mouse_Brain_Visium_10x	AGCTTCTTCTCGAGCA-1	68	100	9630	8363	32631.0	7252	7.967883301155343	7
Mouse_Brain_Visium_10x	AGCTTGATCTTAACTT-1	41	23	6397	3063	18336.0	4990	20.11343804537522	14
Mouse_Brain_Visium_10x	AGGAAGCTGTCCGCCG-1	61	65	8792	5954	30050.0	6535	13.94675540765391	10
Mouse_Brain_Visium_10x	AGGACAGTCGAATCCC-1	43	85	6636	7330	22102.0	5491	13.872047778481585	4
Mouse_Brain_Visium_10x	AGGACGACCCATTAGA-1	43	45	6636	4577	32189.0	6900	12.24020628164901	8
Mouse_Brain_Visium_10x	AGGACGCTCGATGTTG-1	18	98	3642	8225	19838.0	5611	12.647444298820446	6
Mouse_Brain_Visium_10x	AGGAGGCCTTCGCGCG-1	52	98	7714	8225	12249.0	3984	14.597109968160666	13
Mouse_Brain_Visium_10x	AGGATAAAGTCGGGAT-1	53	65	7834	5954	32244.0	7156	11.794442376876319	8
Mouse_Brain_Visium_10x	AGGATATAGGGATTTA-1	46	96	6995	8087	6735.0	2781	12.976985894580551	13
Mouse_Brain_Visium_10x	AGGATATCCGACTGCA-1	71	95	9989	8019	70416.0	9213	5.4249034310384	7
Mouse_Brain_Visium_10x	AGGATCACGCGATCTG-1	48	16	7235	2581	29401.0	7420	4.05428386789565	0
Mouse_Brain_Visium_10x	AGGCAGATGCGTAAAC-1	26	86	4600	7399	29708.0	6684	11.798168843409183	6
Mouse_Brain_Visium_10x	AGGCAGGGAGCGTACT-1	59	49	8552	4853	37541.0	7236	9.842572121147546	8
Mouse_Brain_Visium_10x	AGGCATTGTCGTAGGG-1	49	99	7355	8294	7421.0	2784	17.167497641827246	13
Mouse_Brain_Visium_10x	AGGCCACCCGTTATGA-1	28	38	4840	4096	21806.0	5417	20.251306979730348	2
Mouse_Brain_Visium_10x	AGGCCCTAGAACGCCA-1	45	25	6876	3201	18485.0	5574	12.231539085745199	14
Mouse_Brain_Visium_10x	AGGCCTGAGAATCTCG-1	62	88	8912	7537	17128.0	4740	11.39070527790752	11
Mouse_Brain_Visium_10x	AGGCGGTTTGTCCCGC-1	59	17	8552	2650	22156.0	6054	15.332189925979419	0
Mouse_Brain_Visium_10x	AGGCGTCTATGGACGG-1	16	112	3403	9188	39580.0	7678	11.119252147549268	5
Mouse_Brain_Visium_10x	AGGCTTCCCGAAGAAG-1	50	42	7475	4371	33370.0	6735	18.127060233742885	9
Mouse_Brain_Visium_10x	AGGGAAACGAGGTACT-1	13	89	3044	7606	10944.0	3166	24.442616959064328	6
Mouse_Brain_Visium_10x	AGGGACCGGCTGCGTT-1	36	110	5798	9051	2351.0	1196	10.80391322841344	1
Mouse_Brain_Visium_10x	AGGGACTCTACGCGAC-1	55	53	8073	5128	34312.0	6844	14.146654231755655	8
Mouse_Brain_Visium_10x	AGGGAGACATACTTCG-1	29	113	4960	9257	34420.0	7083	8.721673445671122	5
Mouse_Brain_Visium_10x	AGGGCGAGCAGCTGAT-1	44	20	6756	2857	19049.0	5842	10.640978529056644	0
Mouse_Brain_Visium_10x	AGGGCTGCAGTTACAG-1	35	65	5678	5954	32305.0	6963	8.150441108187586	12
Mouse_Brain_Visium_10x	AGGGTCAGTAACCCTA-1	15	113	3283	9257	32774.0	7059	10.755476902422652	5
Mouse_Brain_Visium_10x	AGGGTCGATGCGAACT-1	37	97	5918	8156	22912.0	5849	13.167772346368714	1
Mouse_Brain_Visium_10x	AGGGTGCTCTCGAGGG-1	34	92	5558	7812	19317.0	5218	16.715846145881866	6
Mouse_Brain_Visium_10x	AGGGTTCCCTTTGGTT-1	30	88	5079	7537	14428.0	4695	7.326032714166899	6
Mouse_Brain_Visium_10x	AGGGTTTAGTTCGGGA-1	33	63	5439	5816	33784.0	6756	11.61792564527587	12
Mouse_Brain_Visium_10x	AGGTAGGTACAAAGCT-1	35	31	5678	3614	38484.0	7313	16.63808335931816	14
Mouse_Brain_Visium_10x	AGGTATAATTGATAGT-1	35	109	5678	8982	1884.0	999	11.78343949044586	1
Mouse_Brain_Visium_10x	AGGTCAGGTGAGAGTG-1	46	20	6996	2857	23100.0	6476	9.614718614718615	0
Mouse_Brain_Visium_10x	AGGTCGCGGAGTTACT-1	26	104	4600	8638	14345.0	4728	9.348204949459742	5
Mouse_Brain_Visium_10x	AGGTGCACGTCCACAT-1	70	104	9870	8638	45833.0	8245	9.722252525472912	7
Mouse_Brain_Visium_10x	AGGTGGTGACCTTCGC-1	64	56	9151	5335	15499.0	4405	23.530550358087616	8
Mouse_Brain_Visium_10x	AGGTTACACCATGCCG-1	43	115	6636	9395	9000.0	3319	14.855555555555554	1
Mouse_Brain_Visium_10x	AGGTTGAGGCACGCTT-1	22	74	4121	6573	28562.0	6484	12.667180169455921	3
Mouse_Brain_Visium_10x	AGGTTTCACACACCTT-1	41	67	6397	6091	21928.0	5655	15.090295512586646	12
Mouse_Brain_Visium_10x	AGTAACTATAGCAGCC-1	71	107	9989	8845	43387.0	8169	8.083066356281837	7
Mouse_Brain_Visium_10x	AGTACAGAAGCTTATA-1	71	77	9989	6780	52505.0	8289	12.408342062660699	10
Mouse_Brain_Visium_10x	AGTACATCATTTATCA-1	29	109	4960	8982	16751.0	4620	19.06154856426482	5
Mouse_Brain_Visium_10x	AGTACGGGCACCTGGC-1	25	79	4481	6917	24191.0	5767	15.15853003183002	3
Mouse_Brain_Visium_10x	AGTACTCTTATGCCCA-1	56	88	8193	7537	26840.0	6501	12.108792846497765	11
Mouse_Brain_Visium_10x	AGTAGGAAGGAAGTTG-1	16	98	3403	8225	30345.0	7058	10.522326577689899	5
Mouse_Brain_Visium_10x	AGTATGCTGGAGACCA-1	58	26	8433	3270	18756.0	5041	24.269567071870334	9
Mouse_Brain_Visium_10x	AGTATTTGGCACGACC-1	58	52	8433	5059	23301.0	5432	18.70305995450839	8
Mouse_Brain_Visium_10x	AGTCAACACCACCATC-1	41	47	6397	4715	44287.0	7813	10.901618985255267	8
Mouse_Brain_Visium_10x	AGTCAAGATGACACTT-1	48	90	7235	7674	21314.0	5785	13.18851459134841	13
Mouse_Brain_Visium_10x	AGTCACTAGCTCTCGA-1	55	99	8073	8294	10756.0	3719	14.522127184827074	13
Mouse_Brain_Visium_10x	AGTCCATTGGCTGATG-1	42	100	6516	8363	5469.0	2029	11.976595355640885	1
Mouse_Brain_Visium_10x	AGTCCCGCCTTTAATT-1	17	93	3523	7881	26758.0	6518	10.1240750429778	6
Mouse_Brain_Visium_10x	AGTCGACGGTCTCAAG-1	38	90	6037	7674	22373.0	5668	15.956733562776563	4
Mouse_Brain_Visium_10x	AGTCGGCCCAAACGAC-1	25	39	4481	4164	18906.0	4519	27.991113932085053	2
Mouse_Brain_Visium_10x	AGTCGGCTCAACTTTA-1	47	23	7115	3063	22668.0	6145	10.300864655020293	0
Mouse_Brain_Visium_10x	AGTCGGTTGCGTGAGA-1	40	112	6277	9189	19515.0	5273	13.922623622854216	1
Mouse_Brain_Visium_10x	AGTCGTATAAAGCAGA-1	65	81	9271	7055	48516.0	8247	13.898507708797098	11
Mouse_Brain_Visium_10x	AGTCGTCGACCACCAA-1	57	91	8313	7743	11718.0	4001	13.466461853558629	11
Mouse_Brain_Visium_10x	AGTCGTGGGCATTACG-1	51	29	7594	3476	8980.0	3494	13.942093541202672	9
Mouse_Brain_Visium_10x	AGTCTAAAGTATACTC-1	29	111	4960	9120	47995.0	7859	3.4878633190957387	5
Mouse_Brain_Visium_10x	AGTCTCACAAGACTAC-1	54	30	7954	3545	8050.0	3061	19.304347826086957	9
Mouse_Brain_Visium_10x	AGTCTTCTCCTCAAAT-1	24	66	4361	6023	31772.0	6599	13.37655797557598	3
Mouse_Brain_Visium_10x	AGTCTTTAAAGTGTCC-1	67	77	9510	6780	27264.0	6313	14.799735915492956	10
Mouse_Brain_Visium_10x	AGTGAACAAACTTCTC-1	44	102	6756	8500	7227.0	2559	10.709838107098381	1
Mouse_Brain_Visium_10x	AGTGACCTACTTTACG-1	44	52	6756	5059	36545.0	7266	9.626487891640444	12
Mouse_Brain_Visium_10x	AGTGAGACTTCCAGTA-1	35	87	5678	7468	19731.0	5241	14.342912168668592	4
Mouse_Brain_Visium_10x	AGTGAGCCTCGCCGCC-1	29	103	4960	8569	10981.0	4029	9.716783535197159	1
Mouse_Brain_Visium_10x	AGTGAGTCGAATTAAC-1	67	109	9510	8982	45646.0	8586	6.957893353196337	7
Mouse_Brain_Visium_10x	AGTGATAACCTGCGCG-1	59	89	8552	7606	28057.0	6672	12.841715080015684	11
Mouse_Brain_Visium_10x	AGTGATATGAGTAGTT-1	45	49	6876	4853	37798.0	7440	11.29689401555638	8
Mouse_Brain_Visium_10x	AGTGATTCAAGCAGGA-1	33	87	5439	7468	28855.0	6630	14.073817362675447	4
Mouse_Brain_Visium_10x	AGTGCACGCTTAAGAA-1	52	96	7714	8087	14557.0	4436	15.703785120560553	13
Mouse_Brain_Visium_10x	AGTGCGTAGCTCGTAA-1	46	42	6996	4371	35559.0	6958	14.423915183216627	9
Mouse_Brain_Visium_10x	AGTGCTAAACACAGCA-1	61	91	8792	7743	34446.0	7453	10.616617314056786	11
Mouse_Brain_Visium_10x	AGTGCTTGCACGAATA-1	41	89	6397	7606	19004.0	5339	14.175962955167334	13
Mouse_Brain_Visium_10x	AGTGGCCCGCAAATGG-1	73	95	10229	8019	33036.0	6895	15.195544254752392	7
Mouse_Brain_Visium_10x	AGTGGCGGCAATTTGA-1	24	94	4361	7950	20187.0	5521	13.622628424233419	6
Mouse_Brain_Visium_10x	AGTGGCGTCTGAAGGT-1	62	86	8912	7399	27349.0	6582	12.519653369410216	11
Mouse_Brain_Visium_10x	AGTGGCTCCGTCGGCC-1	40	12	6277	2306	16745.0	4710	23.56524335622574	0
Mouse_Brain_Visium_10x	AGTGGTGTTACCCGTG-1	47	9	7115	2100	27455.0	7067	6.512474959023858	0
Mouse_Brain_Visium_10x	AGTGTATTGCGCATTG-1	17	95	3523	8018	24935.0	6390	10.178464006416684	6
Mouse_Brain_Visium_10x	AGTTAAACACTTGCGA-1	40	44	6277	4509	45678.0	8021	12.222514120583213	2
Mouse_Brain_Visium_10x	AGTTAAGCGGTCCCGG-1	16	80	3403	6986	15424.0	4651	16.65586099585062	6
Mouse_Brain_Visium_10x	AGTTAAGTCAACCGCT-1	51	25	7594	3201	30703.0	7443	6.110152102400416	9
Mouse_Brain_Visium_10x	AGTTACTCTATCGTGG-1	15	89	3283	7606	18360.0	5144	15.664488017429193	6
Mouse_Brain_Visium_10x	AGTTCCTACAGAATTA-1	30	50	5079	4921	35347.0	6834	16.340849294140945	2
Mouse_Brain_Visium_10x	AGTTCCTATTTATGTT-1	43	65	6636	5954	25169.0	6153	12.23330287258135	12
Mouse_Brain_Visium_10x	AGTTGACGGTCCTTGC-1	65	63	9271	5816	37286.0	7456	6.9811725580646895	10
Mouse_Brain_Visium_10x	AGTTGGCAAGGCTAGA-1	68	106	9630	8776	32636.0	7192	7.075009192302978	7
Mouse_Brain_Visium_10x	AGTTTGCACCTGCCTC-1	58	74	8433	6573	19718.0	5376	14.66173039862055	10
Mouse_Brain_Visium_10x	AGTTTGGCACGGGTTG-1	48	102	7235	8500	9399.0	3089	12.299180763911053	13
Mouse_Brain_Visium_10x	AGTTTGGCCAGACCTA-1	47	31	7115	3614	23145.0	5973	15.757182976884856	9
Mouse_Brain_Visium_10x	ATAAACGGACCCGTAA-1	47	61	7115	5679	35698.0	7374	12.807440192727885	12
Mouse_Brain_Visium_10x	ATAAACGTTGCACCAC-1	57	107	8313	8845	9367.0	3393	12.810931995302658	7
Mouse_Brain_Visium_10x	ATAAAGGCTCGGTCGT-1	34	50	5559	4921	43270.0	7471	13.935752253293273	2
Mouse_Brain_Visium_10x	ATAAATATTAGCAGCT-1	38	28	6038	3407	38231.0	7043	19.081373754283174	14
Mouse_Brain_Visium_10x	ATAACGCCGGAGGGTC-1	35	81	5678	7055	30570.0	6688	14.0366372260386	4
Mouse_Brain_Visium_10x	ATAACGGAGTCCAACG-1	25	75	4481	6642	36608.0	7127	14.417613636363635	3
Mouse_Brain_Visium_10x	ATAAGGTGGAGAACAT-1	50	72	7475	6436	29094.0	6614	13.87227607066749	4
Mouse_Brain_Visium_10x	ATAAGTAGGATTCAGA-1	27	103	4720	8569	3128.0	1566	12.65984654731458	5
Mouse_Brain_Visium_10x	ATAAGTAGGGCGACTC-1	36	108	5798	8913	735.0	444	8.571428571428571	1
Mouse_Brain_Visium_10x	ATAAGTTACCGCGACG-1	46	52	6996	5059	30496.0	6556	13.218126967471145	8
Mouse_Brain_Visium_10x	ATAATAGCTGTTGAAT-1	47	63	7115	5816	26572.0	6272	13.563149179587535	12
Mouse_Brain_Visium_10x	ATAATCTTGGAGAACC-1	61	77	8792	6780	30310.0	6725	13.309138898053446	10
Mouse_Brain_Visium_10x	ATAATTAGCTAAGTAG-1	64	64	9151	5885	35122.0	7306	12.798246113547066	10
Mouse_Brain_Visium_10x	ATACAGGCCCTCCAAT-1	56	72	8193	6436	21177.0	5547	13.094394862350663	10
Mouse_Brain_Visium_10x	ATACCACGGGCAACTT-1	35	29	5678	3476	27552.0	6216	19.472270615563296	14
Mouse_Brain_Visium_10x	ATACCGTCATCCATAA-1	15	115	3283	9395	40274.0	7687	10.331727665491384	5
Mouse_Brain_Visium_10x	ATACCTAACCAAGAAA-1	58	64	8433	5885	36829.0	7337	13.193407369192755	10
Mouse_Brain_Visium_10x	ATACGCCGGCGAAACC-1	40	78	6277	6849	27033.0	6253	16.05815114859616	4
Mouse_Brain_Visium_10x	ATACGGAACGTCGTTT-1	56	22	8193	2994	32215.0	7313	7.990066739096694	9
Mouse_Brain_Visium_10x	ATACGGGTTTCGATTG-1	22	82	4121	7124	26181.0	6331	13.364653756541003	6
Mouse_Brain_Visium_10x	ATACGTACTTAGCCAC-1	55	77	8073	6780	23027.0	5871	12.163981413123723	11
Mouse_Brain_Visium_10x	ATACGTCCACTCCTGT-1	47	93	7115	7881	15047.0	4537	14.567687911211538	13
Mouse_Brain_Visium_10x	ATACGTTATGCACGGA-1	63	63	9031	5816	30821.0	6847	13.448622692320173	10
Mouse_Brain_Visium_10x	ATACTACCCGTACCAC-1	59	105	8552	8707	19000.0	5168	14.278947368421052	7
Mouse_Brain_Visium_10x	ATACTAGCATGACCCT-1	21	61	4002	5678	29966.0	6471	15.994794099979979	3
Mouse_Brain_Visium_10x	ATACTGCCTTACACCG-1	58	84	8433	7262	19736.0	5382	16.376165383056343	11
Mouse_Brain_Visium_10x	ATAGACAACGGGACCT-1	28	92	4840	7812	20693.0	5352	12.545305175663268	6
Mouse_Brain_Visium_10x	ATAGACGAAGAGAAAG-1	33	45	5439	4577	43146.0	7572	16.657395818847633	2
Mouse_Brain_Visium_10x	ATAGAGTACTGGGACA-1	26	48	4600	4784	26270.0	6061	18.035782261134372	2
Mouse_Brain_Visium_10x	ATAGAGTTATCAACTT-1	27	93	4720	7881	17307.0	5040	11.452013636101	6
Mouse_Brain_Visium_10x	ATAGCAACTAGGGAAG-1	62	98	8912	8225	39731.0	7562	9.619692431602527	7
Mouse_Brain_Visium_10x	ATAGCCATAACAGTCA-1	72	114	10109	9326	58670.0	8848	11.048235895687746	7
Mouse_Brain_Visium_10x	ATAGGCGGCTATAGAA-1	43	33	6636	3751	32259.0	6972	12.827428004587867	9
Mouse_Brain_Visium_10x	ATAGGCTAGCTTCGCA-1	25	97	4481	8156	21792.0	5924	9.879772393538913	6
Mouse_Brain_Visium_10x	ATAGGGATATCCTTGA-1	21	71	4002	6367	26937.0	6442	14.0327430671567	3
Mouse_Brain_Visium_10x	ATAGGTTGGGCAGATG-1	28	64	4840	5885	32851.0	6903	13.619067912696723	3
Mouse_Brain_Visium_10x	ATAGTGAAGCGTTCTC-1	41	57	6397	5403	15174.0	4479	13.602214313958086	12
Mouse_Brain_Visium_10x	ATAGTTCCACCCACTC-1	38	102	6037	8500	20422.0	5732	12.432670649299775	1
Mouse_Brain_Visium_10x	ATATAAAGCGCTCGTG-1	58	68	8433	6160	30351.0	6766	14.556357286415606	10
Mouse_Brain_Visium_10x	ATATAAATGTAGCTGC-1	54	74	7954	6573	29264.0	6748	13.029661016949154	4
Mouse_Brain_Visium_10x	ATATAACACGGGCGCA-1	66	94	9391	7950	48756.0	8392	9.906473049470835	7
Mouse_Brain_Visium_10x	ATATACATGTATGGTA-1	49	1	7355	1549	35723.0	8055	5.033171906054923	0
Mouse_Brain_Visium_10x	ATATACGCTCGTGACG-1	62	108	8912	8913	48813.0	8130	9.454448610001434	7
Mouse_Brain_Visium_10x	ATATAGAGTATTGGTC-1	63	11	9032	2237	13594.0	4910	12.108283066058554	0
Mouse_Brain_Visium_10x	ATATCAACCTACAGAG-1	37	105	5918	8707	17953.0	4993	7.848270484041664	1
Mouse_Brain_Visium_10x	ATATCAATTCCAGCCT-1	56	6	8193	1893	8694.0	3616	11.594202898550725	0
Mouse_Brain_Visium_10x	ATATCGGTAGGGAGAT-1	38	110	6037	9051	1462.0	893	9.097127222982216	1
Mouse_Brain_Visium_10x	ATATCGTTCCTCGAAC-1	58	92	8433	7812	15235.0	4755	11.860846734492943	11
Mouse_Brain_Visium_10x	ATATCTCCCTCGTTAA-1	19	87	3762	7468	27321.0	6337	13.754987006332126	6
Mouse_Brain_Visium_10x	ATATCTTAGGGCCTTC-1	35	61	5678	5679	35841.0	7107	8.49864680114952	12
Mouse_Brain_Visium_10x	ATATGTCTCCCTAGCC-1	35	97	5678	8156	17667.0	5083	14.512933718231732	1
Mouse_Brain_Visium_10x	ATATTCAGTTAAACCT-1	44	40	6756	4233	40280.0	7519	12.34111221449851	9
Mouse_Brain_Visium_10x	ATATTCCACATAGTGA-1	51	77	7594	6780	20767.0	5367	16.46843549862763	4
Mouse_Brain_Visium_10x	ATATTTAACCCTCAAG-1	31	55	5199	5266	35756.0	6595	17.879516724465823	2
Mouse_Brain_Visium_10x	ATCAAACACTGTTCCA-1	47	107	7115	8845	6965.0	2731	13.366834170854272	1
Mouse_Brain_Visium_10x	ATCAAACGAAGGTTTG-1	49	33	7355	3751	20569.0	5530	17.652778453011813	9
Mouse_Brain_Visium_10x	ATCAATCTGGGCTGCA-1	33	65	5439	5954	33023.0	6871	9.590285558550102	12
Mouse_Brain_Visium_10x	ATCAATGCCGTGGCTG-1	61	19	8792	2788	13059.0	4783	13.324144268320698	0
Mouse_Brain_Visium_10x	ATCACATTAGAATATC-1	20	82	3882	7124	34835.0	7131	14.103631405195923	6
Mouse_Brain_Visium_10x	ATCACGTGCTAATTAA-1	46	36	6996	3958	40013.0	7556	11.61372553919976	9
Mouse_Brain_Visium_10x	ATCACTTCATCCTCGC-1	21	67	4002	6091	21629.0	5311	18.738730408248188	3
Mouse_Brain_Visium_10x	ATCAGACGGCACGCCG-1	44	42	6756	4371	35800.0	7215	13.664804469273742	9
Mouse_Brain_Visium_10x	ATCAGCCTCATGCTGC-1	57	87	8313	7468	29393.0	6663	12.625455040315723	11
Mouse_Brain_Visium_10x	ATCAGCTCGTCCACTA-1	49	15	7355	2513	22144.0	6337	7.604768786127168	0
Mouse_Brain_Visium_10x	ATCAGTAGGCAGGGAT-1	23	87	4241	7468	30871.0	6684	12.895597810242624	6
Mouse_Brain_Visium_10x	ATCATAGCCCTATGTA-1	62	106	8912	8776	40660.0	7757	8.039842597147073	7
Mouse_Brain_Visium_10x	ATCATCCAATATTTGT-1	39	59	6157	5541	11220.0	3770	11.7825311942959	12
Mouse_Brain_Visium_10x	ATCATTGTACCGCATT-1	63	1	9032	1549	12934.0	4721	12.69522189577857	0
Mouse_Brain_Visium_10x	ATCCAACGCAGTCATA-1	25	37	4481	4027	11166.0	3144	30.512269389217266	2
Mouse_Brain_Visium_10x	ATCCAATGGAGGGTCC-1	43	27	6636	3339	32495.0	6827	15.156177873519002	14
Mouse_Brain_Visium_10x	ATCCACATCGACAGAA-1	62	72	8912	6436	28860.0	6643	14.13028413028413	10
Mouse_Brain_Visium_10x	ATCCAGAGCAACAACC-1	50	52	7475	5059	39994.0	7447	14.022103315497326	8
Mouse_Brain_Visium_10x	ATCCAGGATTCGTGAA-1	40	46	6277	4646	38307.0	7420	12.634766491763907	2
Mouse_Brain_Visium_10x	ATCCCATCCACAGCGC-1	62	14	8912	2444	13962.0	4955	12.025497779687724	0
Mouse_Brain_Visium_10x	ATCCTACCTAAGCTCT-1	44	48	6756	4784	32073.0	6899	12.431016743054906	8
Mouse_Brain_Visium_10x	ATCCTGAATCGCTGCG-1	38	26	6038	3270	26339.0	5783	20.74490299555792	14
Mouse_Brain_Visium_10x	ATCCTGCGTGGAATGG-1	45	47	6876	4715	32712.0	6956	13.84201516263145	8
Mouse_Brain_Visium_10x	ATCGACCCAATACAGA-1	43	63	6636	5816	28006.0	6383	14.279083053631364	12
Mouse_Brain_Visium_10x	ATCGACTCTTTCCGTT-1	23	61	4241	5678	25286.0	5971	16.392470141580322	3
Mouse_Brain_Visium_10x	ATCGCACGCCGGGAGA-1	25	57	4481	5403	33341.0	6716	17.04507963168471	2
Mouse_Brain_Visium_10x	ATCGCCAGTCAACATT-1	45	105	6876	8707	4418.0	1819	15.368945224083298	1
Mouse_Brain_Visium_10x	ATCGCTGCGTGCAGCA-1	23	111	4241	9120	24866.0	6228	10.520389286576046	5
Mouse_Brain_Visium_10x	ATCGGAGACAGACGGC-1	52	76	7714	6711	23338.0	5772	16.50527037449653	4
Mouse_Brain_Visium_10x	ATCGGCAAGCAGTCCA-1	20	96	3882	8087	27144.0	6279	12.046861184792219	6
Mouse_Brain_Visium_10x	ATCGTTAGCTAGCGGA-1	58	98	8433	8225	19054.0	5297	14.668835939960111	13
Mouse_Brain_Visium_10x	ATCTAATATCCTACGG-1	55	67	8073	6092	25577.0	6279	12.77319466708371	10
Mouse_Brain_Visium_10x	ATCTACCATCTGCTCC-1	70	88	9870	7537	38485.0	7489	13.66506431077043	11
Mouse_Brain_Visium_10x	ATCTAGCTTGTGAGGG-1	67	65	9510	5954	30937.0	7014	11.788473349064226	10
Mouse_Brain_Visium_10x	ATCTCCCACGGAATAT-1	60	108	8672	8913	31449.0	6879	9.924003942891666	7
Mouse_Brain_Visium_10x	ATCTCCCTGCAATCTA-1	16	72	3403	6436	8987.0	3089	24.04584399688439	3
Mouse_Brain_Visium_10x	ATCTGCACCTCTGCGA-1	29	101	4960	8431	5094.0	2116	10.973694542599135	1
Mouse_Brain_Visium_10x	ATCTGCTGTTATCGCC-1	67	57	9510	5403	15278.0	4608	14.700877078151592	10
Mouse_Brain_Visium_10x	ATCTGGGCTGTTCTTG-1	61	69	8792	6229	22216.0	5749	14.350018005041413	10
Mouse_Brain_Visium_10x	ATCTGGTTAAGACTGT-1	26	76	4600	6711	34585.0	6931	10.339742663004191	3
Mouse_Brain_Visium_10x	ATCTTATCGCACACCC-1	64	104	9151	8638	35665.0	7455	9.524744146922753	7
Mouse_Brain_Visium_10x	ATCTTGACCTGCAACG-1	26	44	4600	4508	28842.0	6262	18.48692878441162	2
Mouse_Brain_Visium_10x	ATCTTGACTTGTCCAA-1	30	108	5079	8913	10972.0	3486	18.93911775428363	5
Mouse_Brain_Visium_10x	ATGAAGCCAAGGAGCC-1	22	46	4121	4646	16916.0	4053	30.722393000709385	2
Mouse_Brain_Visium_10x	ATGACGCGTTCTATCC-1	52	30	7714	3545	14173.0	4498	18.31651732166796	9
Mouse_Brain_Visium_10x	ATGACTATGCGACATT-1	48	88	7235	7537	15070.0	4469	16.53616456536165	13
Mouse_Brain_Visium_10x	ATGAGGAGTGTTAATC-1	25	35	4481	3889	9224.0	2811	29.564180398959238	2
Mouse_Brain_Visium_10x	ATGATGCAATGGTACA-1	44	50	6756	4921	43778.0	7824	10.85933573941249	8
Mouse_Brain_Visium_10x	ATGCACGCGCTGTTCA-1	59	11	8552	2237	28453.0	6775	14.205883386637613	0
Mouse_Brain_Visium_10x	ATGCACTACCGCATTG-1	27	45	4720	4577	25283.0	5948	18.308745006526124	2
Mouse_Brain_Visium_10x	ATGCATGATCCAGGAT-1	25	65	4481	5954	29790.0	6522	15.6797583081571	3
Mouse_Brain_Visium_10x	ATGCCAATCGCTCTGC-1	15	105	3283	8707	30115.0	6811	12.581769882118547	5
Mouse_Brain_Visium_10x	ATGCCATTTGCGACCA-1	43	91	6636	7743	12441.0	4087	15.915119363395224	13
Mouse_Brain_Visium_10x	ATGCCGGTCTTGCATA-1	31	75	5199	6642	27421.0	6301	10.225739396812662	3
Mouse_Brain_Visium_10x	ATGCCGGTTGATGGGA-1	19	83	3762	7193	32165.0	6764	13.564433390331104	6
Mouse_Brain_Visium_10x	ATGCGACAATTGGTCC-1	13	109	3044	8982	34246.0	7154	13.455586053845705	5
Mouse_Brain_Visium_10x	ATGCGACAGTCCCATT-1	35	71	5678	6367	14265.0	4195	10.571328426218015	3
Mouse_Brain_Visium_10x	ATGCGAGTCCCACCAC-1	48	104	7235	8638	15809.0	4913	9.140363084319059	1
Mouse_Brain_Visium_10x	ATGCTCTGGCGCGGTA-1	60	76	8672	6711	26411.0	6191	15.34209231002234	10
Mouse_Brain_Visium_10x	ATGCTTAGGAGTTGAT-1	56	112	8193	9189	1285.0	698	12.996108949416344	1
Mouse_Brain_Visium_10x	ATGGAAATTTAAGGAG-1	53	7	7834	1962	37931.0	7717	10.661464237694762	0
Mouse_Brain_Visium_10x	ATGGAGCAGGCCGTGA-1	36	66	5798	6023	16827.0	4578	10.037439828846496	12
Mouse_Brain_Visium_10x	ATGGATCCGGCGTCCG-1	19	79	3762	6917	28554.0	6517	14.435805841563354	6
Mouse_Brain_Visium_10x	ATGGATTGACCAAACG-1	27	61	4720	5678	39174.0	7218	14.509623730025018	3
Mouse_Brain_Visium_10x	ATGGCAGCATTACGAT-1	64	18	9151	2719	10245.0	3887	14.602244997559785	0
Mouse_Brain_Visium_10x	ATGGGCCTCGGCCTCT-1	45	91	6876	7743	17506.0	5074	15.40043413686736	13
Mouse_Brain_Visium_10x	ATGGTCGCGTGGTTTC-1	45	85	6876	7330	19109.0	5101	16.955361348055888	13
Mouse_Brain_Visium_10x	ATGTAAGGCTGCTCTT-1	32	112	5319	9189	44168.0	7532	6.414145988045644	5
Mouse_Brain_Visium_10x	ATGTACATGCGGTGAG-1	64	112	9151	9189	48433.0	8417	9.126009126009125	7
Mouse_Brain_Visium_10x	ATGTACGATGACGTCG-1	66	64	9391	5885	49330.0	8267	6.442327184269208	10
Mouse_Brain_Visium_10x	ATGTAGCGCGCGTAGG-1	68	72	9630	6436	25384.0	6256	18.476205483769302	10
Mouse_Brain_Visium_10x	ATGTGAAAGCCTAATG-1	46	22	6996	2994	20161.0	6155	9.806061207281385	0
Mouse_Brain_Visium_10x	ATGTGCATCCGACGCA-1	23	57	4241	5403	28843.0	6247	18.60416738896786	3
Mouse_Brain_Visium_10x	ATGTGGACATCTTGAT-1	47	71	7115	6367	27944.0	6497	12.5	4
Mouse_Brain_Visium_10x	ATGTTGATTAGAGACT-1	68	92	9630	7812	34952.0	7356	10.72327763790341	7
Mouse_Brain_Visium_10x	ATTAAACATGCGGACC-1	43	59	6636	5541	34917.0	7190	12.844746112208952	12
Mouse_Brain_Visium_10x	ATTAATACTACGCGGG-1	22	66	4121	6023	30017.0	6361	16.74051370889829	3
Mouse_Brain_Visium_10x	ATTAATGAACCAGTCG-1	23	79	4241	6917	43178.0	7652	12.513316966973923	3
Mouse_Brain_Visium_10x	ATTACATGTCAGTCTT-1	50	108	7474	8913	4339.0	1873	11.131597142198665	1
Mouse_Brain_Visium_10x	ATTACGCGCTGGCAGG-1	40	30	6277	3545	31485.0	6488	16.121962839447356	14
Mouse_Brain_Visium_10x	ATTACTTACTGGGCAT-1	22	100	4121	8363	20913.0	5764	11.92559651891168	6
Mouse_Brain_Visium_10x	ATTAGATTCCTCAGCA-1	25	105	4481	8707	15972.0	4889	10.562233909341346	5
Mouse_Brain_Visium_10x	ATTAGGCGATGCTTTC-1	37	71	5918	6367	21627.0	5442	13.843806353169649	3
Mouse_Brain_Visium_10x	ATTATACTTTGCTCGT-1	18	78	3642	6848	22945.0	5699	16.047069078230553	6
Mouse_Brain_Visium_10x	ATTATAGCTACTTTAC-1	33	115	5439	9395	22479.0	5739	9.649005738689445	5
Mouse_Brain_Visium_10x	ATTATGCCATAGGGAG-1	21	53	4002	5128	22642.0	5544	18.92500662485646	2
Mouse_Brain_Visium_10x	ATTATTATGTCCGTCA-1	59	37	8552	4027	5236.0	2310	15.928189457601222	9
Mouse_Brain_Visium_10x	ATTATTCAGAGTCACT-1	67	97	9510	8156	39015.0	7895	7.363834422657953	7
Mouse_Brain_Visium_10x	ATTCAACCATTTAAGG-1	58	100	8433	8363	12533.0	3948	15.790313572169474	13
Mouse_Brain_Visium_10x	ATTCACTGATGTTGGA-1	56	68	8193	6160	23688.0	6073	13.783350219520432	10
Mouse_Brain_Visium_10x	ATTCAGGACCTATTTC-1	20	98	3882	8225	26865.0	6626	10.508096035734226	6
Mouse_Brain_Visium_10x	ATTCATATACTGTCCA-1	46	60	6996	5610	23615.0	5977	12.741901333897946	12
Mouse_Brain_Visium_10x	ATTCATCGTTGAGGCA-1	61	89	8792	7606	18249.0	5229	14.082963450052057	11
Mouse_Brain_Visium_10x	ATTCCCGAAGGTACAG-1	60	0	8672	1480	13980.0	4823	15.515021459227468	0
Mouse_Brain_Visium_10x	ATTCCTAAGACGTGGA-1	15	107	3283	8844	29222.0	6582	13.127096023543904	5
Mouse_Brain_Visium_10x	ATTCGACGCCGGGCCT-1	36	26	5798	3270	24190.0	5537	23.307151715584954	14
Mouse_Brain_Visium_10x	ATTCGCGCCTTGAGAG-1	65	107	9271	8845	32316.0	6998	10.038371085530388	7
Mouse_Brain_Visium_10x	ATTCGTGCTATCTCTT-1	42	110	6516	9051	8360.0	3019	14.545454545454545	1
Mouse_Brain_Visium_10x	ATTGAAGATCTTAGTG-1	31	49	5199	4853	30412.0	6575	14.750756280415626	2
Mouse_Brain_Visium_10x	ATTGACCGGCGATGAC-1	20	114	3882	9326	39917.0	7543	11.35105343587945	5
Mouse_Brain_Visium_10x	ATTGATCACCACATTT-1	52	8	7714	2031	27374.0	6806	6.5792357711697225	0
Mouse_Brain_Visium_10x	ATTGATGAGTCCTAAC-1	33	99	5439	8294	18409.0	5416	12.146232820902819	1
Mouse_Brain_Visium_10x	ATTGCCTTTATGTTTG-1	64	84	9151	7262	27759.0	6514	14.723152851327498	11
Mouse_Brain_Visium_10x	ATTGCGATCAGTAACT-1	51	99	7594	8294	11384.0	3949	14.08116654954322	13
Mouse_Brain_Visium_10x	ATTGCTGCTCCTCCAT-1	35	43	5678	4440	37869.0	7220	14.090681031978663	2
Mouse_Brain_Visium_10x	ATTGGATTACAGCGTA-1	54	102	7953	8500	4511.0	1984	16.07182442917313	13
Mouse_Brain_Visium_10x	ATTGGTTGTGCATTAC-1	72	106	10109	8776	45024.0	8293	7.882462686567164	7
Mouse_Brain_Visium_10x	ATTGTACAACTCGGCT-1	35	103	5678	8569	27630.0	6855	8.385812522620341	1
Mouse_Brain_Visium_10x	ATTGTCGCAATACCTT-1	15	85	3283	7330	17105.0	4697	18.631978953522363	6
Mouse_Brain_Visium_10x	ATTGTGACTTCGCTGC-1	11	109	2804	8982	19891.0	5534	13.98622492584586	5
Mouse_Brain_Visium_10x	ATTTACAGTTTACTGG-1	30	38	5080	4096	22648.0	5559	18.496114447191804	2
Mouse_Brain_Visium_10x	ATTTACTAAGTCCATT-1	31	111	5199	9120	29252.0	6472	6.642280869684123	5
Mouse_Brain_Visium_10x	ATTTCCGGGTTCTGCG-1	55	35	8073	3889	6767.0	2629	19.00398995123393	9
Mouse_Brain_Visium_10x	ATTTGCGCGAGTAGCT-1	53	31	7834	3614	10989.0	3680	18.40931840931841	9
Mouse_Brain_Visium_10x	ATTTGGAGATTGCGGT-1	58	0	8433	1480	12437.0	4221	14.062876899573853	0
Mouse_Brain_Visium_10x	ATTTGTCTTGGGAGCT-1	40	84	6277	7262	16200.0	4854	15.018518518518517	4
Mouse_Brain_Visium_10x	ATTTGTTCCAGGGCTC-1	19	71	3762	6367	28308.0	6450	15.705807545570158	3
Mouse_Brain_Visium_10x	CAAACCCTCCGGCGGG-1	70	70	9870	6298	43148.0	7484	20.413460647075183	10
Mouse_Brain_Visium_10x	CAAACGAGTATCGCAG-1	47	47	7115	4715	40717.0	7581	11.744480192548568	8
Mouse_Brain_Visium_10x	CAAACGGTCGCACTTT-1	30	40	5080	4233	30823.0	6423	17.93465918307757	2
Mouse_Brain_Visium_10x	CAAACTCGCGACGCCG-1	45	111	6876	9120	3624.0	1771	12.693156732891833	1
Mouse_Brain_Visium_10x	CAAAGATTATTGGGCC-1	56	30	8193	3545	24905.0	6097	16.651274844408753	9
Mouse_Brain_Visium_10x	CAAATCTCTCACAAGG-1	44	24	6756	3132	18810.0	5586	12.892078681552366	14
Mouse_Brain_Visium_10x	CAAATGTCCTTCCGTG-1	45	53	6876	5128	40047.0	7662	10.492671111444054	12
Mouse_Brain_Visium_10x	CAACCTACCGAGCAGT-1	61	103	8792	8569	36515.0	7270	10.516226208407502	7
Mouse_Brain_Visium_10x	CAACGACCCGTTTACA-1	20	50	3882	4921	14952.0	3676	27.976190476190478	2
Mouse_Brain_Visium_10x	CAACGTGGTGGAGTCT-1	55	113	8073	9257	1546.0	813	10.090556274256144	1
Mouse_Brain_Visium_10x	CAACTATATCGAATGC-1	15	79	3283	6917	9082.0	2823	26.348821845408498	6
Mouse_Brain_Visium_10x	CAACTGCTCATCCGAT-1	59	55	8552	5266	29236.0	6284	18.21042550280476	8
Mouse_Brain_Visium_10x	CAAGAGGGCGGAGTAC-1	46	74	6996	6573	25431.0	6114	12.799339388934763	4
Mouse_Brain_Visium_10x	CAAGATATTATAACGT-1	45	89	6876	7606	8203.0	2760	18.13970498598074	13
Mouse_Brain_Visium_10x	CAAGCAACGTCGGAGT-1	32	38	5319	4096	34864.0	6777	16.297613584212943	2
Mouse_Brain_Visium_10x	CAAGCACCAAATGCCT-1	18	66	3642	6023	18894.0	4820	22.229279136233725	3
Mouse_Brain_Visium_10x	CAAGCGGCACATAATT-1	54	72	7954	6436	24186.0	6099	12.705697510956751	4
Mouse_Brain_Visium_10x	CAAGGATCGCATGTTC-1	40	68	6277	6160	25479.0	6094	15.950390517681228	12
Mouse_Brain_Visium_10x	CAAGGCCAGTGGTGCA-1	66	100	9391	8363	33298.0	7180	10.715358279776563	7
Mouse_Brain_Visium_10x	CAAGGTCCTATAGGCT-1	34	110	5558	9051	3511.0	1551	12.788379379094275	5
Mouse_Brain_Visium_10x	CAAGTGTGGTTGCAAA-1	40	94	6277	7950	19179.0	5257	15.605610302935503	13
Mouse_Brain_Visium_10x	CAATAAACCTTGGCCC-1	26	74	4600	6573	40851.0	7559	13.470906464958018	3
Mouse_Brain_Visium_10x	CAATACGCTCTGAGGC-1	40	10	6277	2168	23397.0	5567	23.485916997905715	0
Mouse_Brain_Visium_10x	CAATATTCTTGACCTA-1	54	40	7954	4233	21917.0	5605	15.403568006570243	9
Mouse_Brain_Visium_10x	CAATCCCTATACCAGC-1	12	88	2924	7537	6710.0	2501	20.327868852459016	6
Mouse_Brain_Visium_10x	CAATGCGAGAAGTATC-1	54	82	7954	7124	22858.0	5773	15.412547029486396	11
Mouse_Brain_Visium_10x	CAATGGATCTCTACCA-1	28	86	4840	7399	23602.0	5835	11.884586052029489	6
Mouse_Brain_Visium_10x	CAATGTGCCAACCCTT-1	37	115	5918	9395	17889.0	5639	9.240315277544859	1
Mouse_Brain_Visium_10x	CAATTAAGGGTGATGA-1	29	65	4960	5954	37257.0	7038	14.25503932146979	3
Mouse_Brain_Visium_10x	CAATTGGGCCGCACTC-1	56	4	8193	1756	2077.0	1166	7.799711121810303	0
Mouse_Brain_Visium_10x	CAATTTCGTATAAGGG-1	37	63	5918	5816	12640.0	3834	12.318037974683545	12
Mouse_Brain_Visium_10x	CACAAGAAAGATATTA-1	14	112	3163	9188	50858.0	8401	11.044476778481261	5
Mouse_Brain_Visium_10x	CACAATGAGCTGCTAT-1	42	50	6517	4921	36221.0	7325	11.74732889760084	12
Mouse_Brain_Visium_10x	CACACACGCTAACGAG-1	55	103	8073	8569	10226.0	3641	13.328769802464308	13
Mouse_Brain_Visium_10x	CACACGCGCTGTCTTA-1	33	89	5439	7606	21345.0	5679	14.368704614663855	4
Mouse_Brain_Visium_10x	CACAGCACCCACGGCA-1	31	59	5199	5541	32442.0	6503	16.158066703655756	12
Mouse_Brain_Visium_10x	CACAGCTAGGGAGTGA-1	20	60	3882	5610	25944.0	5963	19.754085723095898	3
Mouse_Brain_Visium_10x	CACAGGGCCATATAGT-1	57	97	8313	8156	19233.0	5345	13.63801798991317	13
Mouse_Brain_Visium_10x	CACAGGGCCGTTGTCA-1	62	60	8912	5610	26867.0	6086	17.16976216175978	10
Mouse_Brain_Visium_10x	CACAGTCCCGCTTCGC-1	60	112	8672	9189	30929.0	6893	11.054350286139222	7
Mouse_Brain_Visium_10x	CACAGTTCGCTTCCCA-1	54	114	7953	9326	1448.0	730	11.80939226519337	1
Mouse_Brain_Visium_10x	CACATATTAGCAGGAT-1	47	73	7115	6504	21812.0	5688	13.084540619842288	4
Mouse_Brain_Visium_10x	CACATCTCACCGACGA-1	57	75	8313	6642	23612.0	6120	13.891241741487379	11
Mouse_Brain_Visium_10x	CACATGATTCAGCAAC-1	38	64	6038	5885	18082.0	5178	10.789735648711424	12
Mouse_Brain_Visium_10x	CACATTCTTTCGATGG-1	18	90	3642	7674	23419.0	6067	12.058584909688715	6
Mouse_Brain_Visium_10x	CACATTTCTTGTCAGA-1	44	108	6756	8913	16951.0	5036	12.536133561441803	1
Mouse_Brain_Visium_10x	CACCAATCATCCGTCT-1	54	4	7954	1756	17665.0	5543	10.96518539484857	0
Mouse_Brain_Visium_10x	CACCACGCCACACAGA-1	40	8	6277	2031	24459.0	5857	20.781716341632936	0
Mouse_Brain_Visium_10x	CACCAGTCAGCATGCA-1	60	22	8672	2994	26913.0	6717	14.970460372310779	0
Mouse_Brain_Visium_10x	CACCATGATCGCAAAG-1	12	114	2924	9326	48136.0	8188	10.719627721455876	5
Mouse_Brain_Visium_10x	CACCCAAATCTTATGT-1	35	105	5678	8707	19435.0	5186	11.788011319783894	1
Mouse_Brain_Visium_10x	CACCCACGAGGCAATT-1	20	86	3882	7399	34088.0	7179	11.015606665102089	6
Mouse_Brain_Visium_10x	CACCCGGTTTGTGACT-1	53	39	7834	4164	11403.0	3288	30.61475050425327	9
Mouse_Brain_Visium_10x	CACCCTAACAAGATCT-1	56	80	8193	6986	22087.0	5533	16.779100828541676	11
Mouse_Brain_Visium_10x	CACCCTTGGTGAGACC-1	50	16	7475	2581	18876.0	5752	8.979656706929434	0
Mouse_Brain_Visium_10x	CACCGCCAGAAGGTTT-1	27	59	4720	5541	30492.0	6508	17.11268529450348	2
Mouse_Brain_Visium_10x	CACCGCGTCCACTCTA-1	16	104	3403	8638	29195.0	6832	10.340811782839527	5
Mouse_Brain_Visium_10x	CACCGGGCATCACAAG-1	72	94	10109	7950	44588.0	7862	15.212613259172873	7
Mouse_Brain_Visium_10x	CACCGTATCCCATCCG-1	52	104	7714	8638	6234.0	2319	17.276227141482195	13
Mouse_Brain_Visium_10x	CACCGTTAGGGATCAC-1	53	37	7834	4027	11187.0	3521	25.619022079199073	9
Mouse_Brain_Visium_10x	CACCGTTGCGCGATAT-1	47	29	7115	3476	18101.0	5337	13.043478260869565	9
Mouse_Brain_Visium_10x	CACCTAATCAGTTTAC-1	20	72	3882	6436	24471.0	6108	15.275223734216011	3
Mouse_Brain_Visium_10x	CACCTCGATGGTGGAC-1	18	70	3642	6298	26722.0	6357	14.358955168026347	3
Mouse_Brain_Visium_10x	CACCTTGCGAAACTCG-1	24	84	4361	7261	41208.0	7359	12.347117064647643	6
Mouse_Brain_Visium_10x	CACCTTGGCGCCTTTG-1	43	103	6636	8569	6883.0	2479	12.015109690541916	1
Mouse_Brain_Visium_10x	CACGAAAGTTAGTCCC-1	33	29	5439	3476	21662.0	5198	21.950881728372266	14
Mouse_Brain_Visium_10x	CACGCACAGCGCAGCT-1	24	72	4361	6436	35289.0	7051	12.289948709229504	3
Mouse_Brain_Visium_10x	CACGCAGCGAGGCTTT-1	31	43	5199	4440	27591.0	6183	18.081983255409373	2
Mouse_Brain_Visium_10x	CACGCGGAACTGTTGC-1	42	98	6516	8225	18024.0	5264	11.357079449622725	1
Mouse_Brain_Visium_10x	CACGGCGCGCCAAAGG-1	15	103	3283	8569	38666.0	7444	12.693322298660323	5
Mouse_Brain_Visium_10x	CACGTCGGCAACCTCT-1	49	37	7355	4027	22868.0	5640	16.74829456008396	9
Mouse_Brain_Visium_10x	CACGTTCGTGCTCTAG-1	37	81	5918	7055	23159.0	5692	14.538624292931473	4
Mouse_Brain_Visium_10x	CACGTTTCGTACACAC-1	55	91	8073	7743	22142.0	5879	12.912112726944269	11
Mouse_Brain_Visium_10x	CACTAAAGTTGCCTAT-1	35	51	5678	4990	38440.0	7226	13.514568158168574	2
Mouse_Brain_Visium_10x	CACTACGGGAGCTGCC-1	59	107	8552	8845	28324.0	6465	11.368450783787601	7
Mouse_Brain_Visium_10x	CACTCAAGAGCTATGG-1	39	57	6157	5403	28363.0	6496	8.017487571836547	12
Mouse_Brain_Visium_10x	CACTCCTATGTAAGAT-1	56	36	8193	3958	9491.0	3037	22.91644716046781	9
Mouse_Brain_Visium_10x	CACTCCTCTCGGTCGG-1	15	87	3283	7468	20561.0	5533	14.25027965565877	6
Mouse_Brain_Visium_10x	CACTCGAGCTGAACAA-1	48	74	7235	6573	17897.0	4925	17.556014974576744	4
Mouse_Brain_Visium_10x	CACTCTTCTGCTAGCC-1	59	101	8552	8432	13831.0	4231	14.192755404526064	7
Mouse_Brain_Visium_10x	CACTGACGATTGTGGA-1	65	51	9271	4990	5458.0	2451	13.20996702088677	8
Mouse_Brain_Visium_10x	CACTTAATCAGACGGA-1	34	48	5559	4784	36257.0	7052	15.652149929668754	2
Mouse_Brain_Visium_10x	CAGAACTTAGCCCTCT-1	53	85	7834	7330	21794.0	5567	17.17445168394971	11
Mouse_Brain_Visium_10x	CAGAATAACACACGGA-1	55	111	8073	9120	4184.0	1770	12.523900573613766	1
Mouse_Brain_Visium_10x	CAGACACCGATCGCTG-1	53	51	7834	4990	33761.0	6679	18.524332810047095	8
Mouse_Brain_Visium_10x	CAGACCTGTAAGTGTT-1	31	99	5199	8294	16920.0	5671	6.8557919621749415	1
Mouse_Brain_Visium_10x	CAGACGAACCTGATAC-1	50	50	7475	4922	32964.0	7082	11.457954131780124	8
Mouse_Brain_Visium_10x	CAGAGACGGTCACCCA-1	51	57	7594	5403	39977.0	7580	10.37346474222678	8
Mouse_Brain_Visium_10x	CAGAGCATGAGCTTGC-1	26	70	4600	6298	29696.0	6459	13.00511853448276	3
Mouse_Brain_Visium_10x	CAGAGGCGATGCATGA-1	54	48	7954	4784	43346.0	7460	12.088774050662114	8
Mouse_Brain_Visium_10x	CAGATAATGGGCGGGT-1	66	102	9391	8500	30370.0	6973	8.969377675337505	7
Mouse_Brain_Visium_10x	CAGATACTAACATAGT-1	26	46	4600	4646	29400.0	6187	19.091836734693878	2
Mouse_Brain_Visium_10x	CAGATCATTTAAAGTC-1	22	108	4121	8913	32341.0	6897	11.734331034909248	5
Mouse_Brain_Visium_10x	CAGATCCTGGTTTGAA-1	55	17	8073	2650	31094.0	6972	10.587251559786454	0
Mouse_Brain_Visium_10x	CAGATGTTTGTCCCAA-1	52	2	7714	1618	30822.0	7451	5.648562714943871	0
Mouse_Brain_Visium_10x	CAGCAGCCCGTTCCTT-1	28	78	4840	6849	26067.0	6192	11.796524341120957	3
Mouse_Brain_Visium_10x	CAGCAGTCCAGACTAT-1	50	100	7474	8363	9022.0	3295	15.905564176457549	13
Mouse_Brain_Visium_10x	CAGCAGTCTGTGCTGC-1	62	74	8912	6573	20147.0	5295	17.02983074403137	10
Mouse_Brain_Visium_10x	CAGCCTCCTGCAGAGG-1	23	77	4241	6780	37478.0	7234	12.716793852393405	3
Mouse_Brain_Visium_10x	CAGCCTCTCCTCAAGA-1	15	95	3283	8018	28074.0	6581	10.906888936382417	6
Mouse_Brain_Visium_10x	CAGCGATTCCCTTCAA-1	53	43	7834	4440	17867.0	4565	26.736441484300666	9
Mouse_Brain_Visium_10x	CAGCTCACTGAGACAT-1	33	59	5439	5541	35518.0	7161	11.72081761360437	12
Mouse_Brain_Visium_10x	CAGCTCGACAAGTTAA-1	28	90	4840	7674	22096.0	5601	11.554127443881246	6
Mouse_Brain_Visium_10x	CAGCTGGCGTAACCGT-1	48	22	7235	2994	33993.0	7540	8.04871591209955	0
Mouse_Brain_Visium_10x	CAGCTTAGTAGGTAGC-1	32	28	5319	3407	20345.0	4974	23.234209879577293	14
Mouse_Brain_Visium_10x	CAGGATATATCGTTGT-1	44	60	6756	5610	32053.0	7105	11.674414251396126	12
Mouse_Brain_Visium_10x	CAGGCAGTCTTACCAG-1	65	85	9271	7330	39376.0	7696	11.865095489638358	11
Mouse_Brain_Visium_10x	CAGGCCGTTTGGGTGT-1	39	43	6157	4440	36180.0	7214	13.336097291321172	2
Mouse_Brain_Visium_10x	CAGGCGCACGGTGGTC-1	56	28	8193	3407	29118.0	6931	10.852393708359092	9
Mouse_Brain_Visium_10x	CAGGCGCCATGCTAGG-1	49	73	7355	6504	29618.0	6538	13.85981497737862	4
Mouse_Brain_Visium_10x	CAGTAACTATTTATTG-1	19	101	3762	8431	25694.0	6365	11.46960379855219	5
Mouse_Brain_Visium_10x	CAGTAAGGGACGTCTC-1	64	4	9151	1756	8481.0	3620	13.559721730927956	0
Mouse_Brain_Visium_10x	CAGTACATTCTCTAAA-1	20	102	3882	8500	29063.0	6676	13.515466400578054	5
Mouse_Brain_Visium_10x	CAGTACCAGTTTACGT-1	48	18	7235	2719	22332.0	6467	7.321332616872649	0
Mouse_Brain_Visium_10x	CAGTAGCCCACGCGGT-1	25	91	4481	7743	22480.0	5819	11.877224199288257	6
Mouse_Brain_Visium_10x	CAGTCGAGGATGCAAT-1	25	99	4481	8294	22507.0	5770	11.858532900875284	6
Mouse_Brain_Visium_10x	CAGTCGGCCTAGATAT-1	45	3	6876	1687	35498.0	7574	6.4116288241591075	0
Mouse_Brain_Visium_10x	CAGTCTGTATACTGGG-1	42	66	6517	6023	21088.0	5600	13.4152124430956	12
Mouse_Brain_Visium_10x	CAGTGAATAAATGACT-1	25	83	4481	7193	41576.0	7548	13.10371368096979	6
Mouse_Brain_Visium_10x	CAGTGTCGGCTGGCCC-1	52	92	7714	7812	11698.0	4216	12.309796546418191	13
Mouse_Brain_Visium_10x	CAGTTCAAATTGACAC-1	29	51	4960	4990	37961.0	7118	14.910039250810042	2
Mouse_Brain_Visium_10x	CATAACGGACAGTCGT-1	36	94	5798	7950	28315.0	6686	13.063747130496203	1
Mouse_Brain_Visium_10x	CATAAGAAGCTTGGCT-1	58	72	8433	6436	23613.0	5911	13.522212340659806	10
Mouse_Brain_Visium_10x	CATAAGCTCTCCGTCT-1	42	14	6517	2444	29161.0	6940	9.180069270601145	0
Mouse_Brain_Visium_10x	CATACACAAAGTCAGC-1	56	0	8193	1480	10041.0	4100	10.18822826411712	0
Mouse_Brain_Visium_10x	CATACACGGTTCCCAC-1	61	55	8792	5266	39905.0	7572	6.337551685252476	8
Mouse_Brain_Visium_10x	CATACCCGTACCCAGT-1	37	31	5918	3614	35855.0	6966	17.074327151024963	14
Mouse_Brain_Visium_10x	CATACGGCGTCTGGGC-1	39	63	6157	5816	24439.0	6058	12.676459756945865	12
Mouse_Brain_Visium_10x	CATACTATGTAATTGT-1	36	48	5798	4784	35919.0	7023	13.647373256493777	2
Mouse_Brain_Visium_10x	CATACTTAGGCAATAC-1	37	113	5918	9257	941.0	554	11.689691817215728	1
Mouse_Brain_Visium_10x	CATAGAGGAGATACTA-1	69	87	9750	7468	47590.0	8275	11.342719058625763	11
Mouse_Brain_Visium_10x	CATAGCGTTGCCCACC-1	54	42	7954	4371	39265.0	7456	10.355278237616197	9
Mouse_Brain_Visium_10x	CATAGTACATTGAGAG-1	15	77	3283	6780	7526.0	2573	21.751262290725485	6
Mouse_Brain_Visium_10x	CATAGTCAAATACATA-1	65	93	9271	7881	49885.0	8627	9.357522301292974	11
Mouse_Brain_Visium_10x	CATAGTCCACAAGAAC-1	45	31	6876	3614	39709.0	7228	15.011710191644212	9
Mouse_Brain_Visium_10x	CATATACTACTGATAA-1	18	102	3642	8500	27352.0	6466	12.412255045334893	5
Mouse_Brain_Visium_10x	CATATAGGTACAGTCA-1	43	55	6636	5266	32445.0	6878	10.725843735552473	12
Mouse_Brain_Visium_10x	CATATGTCAGGCTACG-1	48	24	7235	3132	24114.0	6289	10.624533466036327	0
Mouse_Brain_Visium_10x	CATCATTACCCTGAGG-1	52	94	7714	7950	9307.0	3664	11.786827119372516	13
Mouse_Brain_Visium_10x	CATCCTCTCAAAGATC-1	54	92	7954	7812	20846.0	5599	14.693466372445554	13
Mouse_Brain_Visium_10x	CATCGGACGGGTTAAT-1	42	58	6517	5472	12778.0	4139	12.404132102050399	12
Mouse_Brain_Visium_10x	CATCTATCCCGTGTCT-1	18	100	3642	8363	19772.0	5640	12.360914424438601	5
Mouse_Brain_Visium_10x	CATCTTACACCACCTC-1	37	99	5918	8294	21419.0	5671	13.333955833605676	1
Mouse_Brain_Visium_10x	CATGACTTCGCTGAAT-1	40	106	6277	8776	12856.0	4377	10.096453018046049	1
Mouse_Brain_Visium_10x	CATGAGATGCACTCTC-1	59	79	8552	6917	29666.0	6706	12.600283152430391	11
Mouse_Brain_Visium_10x	CATGATGCACAATTCT-1	21	69	4002	6229	25530.0	6022	16.259302781041914	3
Mouse_Brain_Visium_10x	CATGATGGAAGTTAGC-1	45	103	6876	8569	5487.0	2148	11.226535447421178	1
Mouse_Brain_Visium_10x	CATGCCAACTCGCAAA-1	43	21	6636	2926	17211.0	5533	11.876125733542501	0
Mouse_Brain_Visium_10x	CATGCGACCAGTTTAA-1	26	98	4600	8225	18607.0	5227	11.55479120761004	6
Mouse_Brain_Visium_10x	CATGGATTGTCTTCCG-1	55	101	8073	8432	5544.0	2334	15.187590187590189	13
Mouse_Brain_Visium_10x	CATGGGTATGCCTTAT-1	56	82	8193	7124	21271.0	5557	15.499976493817874	11
Mouse_Brain_Visium_10x	CATGGGTCGGGTGTGG-1	21	85	4002	7330	31261.0	6900	12.136527942164358	6
Mouse_Brain_Visium_10x	CATGGTAAGTAGCGTT-1	45	73	6876	6504	18283.0	5208	13.630148225127167	4
Mouse_Brain_Visium_10x	CATGGTATTAGTTTGT-1	59	7	8552	1962	16866.0	5208	17.03427012925412	0
Mouse_Brain_Visium_10x	CATGGTCTAGATACCG-1	26	66	4600	6023	37447.0	7111	13.864929099794377	3
Mouse_Brain_Visium_10x	CATGGTTTATTAATCA-1	69	103	9750	8569	29090.0	6903	7.9546235819869375	7
Mouse_Brain_Visium_10x	CATGTAAGAGACATTT-1	54	90	7954	7675	21081.0	5575	15.990702528343057	11
Mouse_Brain_Visium_10x	CATGTAGGAGCGCCAA-1	15	111	3283	9120	14304.0	4840	11.171700223713646	5
Mouse_Brain_Visium_10x	CATGTCTCATTTATGG-1	49	85	7355	7330	21391.0	5496	12.781076153522509	11
Mouse_Brain_Visium_10x	CATTACGCAGGAAGGG-1	71	101	9989	8432	49985.0	8371	6.123837151145343	7
Mouse_Brain_Visium_10x	CATTACGTCGGCCCGT-1	19	65	3762	5954	20020.0	5253	19.29070929070929	3
Mouse_Brain_Visium_10x	CATTATGCTTGTTGTG-1	26	52	4600	5059	24408.0	5741	18.00229432972796	2
Mouse_Brain_Visium_10x	CATTGCGGGTCAATTC-1	25	115	4481	9395	16205.0	4811	17.93273680962666	5
Mouse_Brain_Visium_10x	CATTTAGCGGACCATG-1	25	85	4481	7330	25739.0	6083	14.662574303585998	6
Mouse_Brain_Visium_10x	CATTTGAGTGGTACGT-1	50	48	7475	4784	24160.0	5886	15.91887417218543	8
Mouse_Brain_Visium_10x	CCAAACAGAACCCTCG-1	22	48	4121	4784	29960.0	6404	19.92656875834446	2
Mouse_Brain_Visium_10x	CCAAATAACAAGATTC-1	51	113	7594	9257	8181.0	2925	15.62156215621562	1
Mouse_Brain_Visium_10x	CCAACGATGCACTGAT-1	31	37	5199	4027	26103.0	5850	19.174041297935105	2
Mouse_Brain_Visium_10x	CCAAGAAAGTGGGCGA-1	52	52	7714	5059	41605.0	7641	13.832472058646797	8
Mouse_Brain_Visium_10x	CCAAGACTTCTGCGAA-1	20	62	3882	5747	26982.0	6007	17.960121562523163	3
Mouse_Brain_Visium_10x	CCAAGCGTAACTCGTA-1	33	71	5439	6367	32408.0	6683	10.247469760552951	3
Mouse_Brain_Visium_10x	CCAAGGTTGCCCTTTC-1	69	109	9750	8982	37781.0	7616	7.670522220163574	7
Mouse_Brain_Visium_10x	CCAATAGTGCCGTCGA-1	34	42	5559	4371	41476.0	7494	15.25701610569968	2
Mouse_Brain_Visium_10x	CCAATCGGTAGATCGA-1	14	84	3163	7261	8454.0	2670	23.20794889992903	6
Mouse_Brain_Visium_10x	CCAATGTCACAGCAAG-1	37	49	5918	4853	42980.0	7576	12.931596091205211	2
Mouse_Brain_Visium_10x	CCAATTACGGGTCGAG-1	19	93	3762	7881	28444.0	6743	11.113064266629166	6
Mouse_Brain_Visium_10x	CCACAATGTACGTCTT-1	29	85	4960	7330	20847.0	5463	11.65635343214851	4
Mouse_Brain_Visium_10x	CCACACTGAGATATTA-1	39	49	6157	4853	33656.0	6830	13.242809603042549	12
Mouse_Brain_Visium_10x	CCACAGTACCCATCCT-1	48	92	7235	7812	8295.0	3011	14.333936106088006	13
Mouse_Brain_Visium_10x	CCACATGGCTCTTTAT-1	55	5	8073	1824	8553.0	3620	11.317666315912547	0
Mouse_Brain_Visium_10x	CCACCAACTTTACTGT-1	52	40	7714	4233	14384.0	4279	22.949110122358178	9
Mouse_Brain_Visium_10x	CCACCCAAGGAAAGTG-1	37	75	5918	6642	30883.0	6768	13.29857850597416	4
Mouse_Brain_Visium_10x	CCACGAATTTAACCTC-1	41	109	6397	8982	23546.0	5892	10.604773634587614	1
Mouse_Brain_Visium_10x	CCACGAGAAGAGAATC-1	17	75	3523	6642	23457.0	5910	16.459905358741526	6
Mouse_Brain_Visium_10x	CCACGGAGCCATAAGA-1	47	27	7115	3339	19533.0	5936	10.551374596836123	14
Mouse_Brain_Visium_10x	CCACGGTGCCCGGTAG-1	35	107	5678	8844	1900.0	1074	8.68421052631579	1
Mouse_Brain_Visium_10x	CCACTCAGATCCGCAA-1	72	80	10109	6986	39025.0	7434	16.42280589365791	10
Mouse_Brain_Visium_10x	CCACTGGTGGCTGGTT-1	39	21	6157	2926	15080.0	4282	23.95888594164456	14
Mouse_Brain_Visium_10x	CCACTGTTTGGATTAA-1	58	106	8432	8776	24003.0	6110	9.307169937091198	7
Mouse_Brain_Visium_10x	CCAGAAAGCAACTCAT-1	52	36	7714	3958	12744.0	4185	19.05994978028876	9
Mouse_Brain_Visium_10x	CCAGATAGTTGAGTGA-1	28	84	4840	7261	25825.0	6289	10.222652468538238	4
Mouse_Brain_Visium_10x	CCAGCCTGGACCAATA-1	37	65	5918	5954	15947.0	4452	10.842164670470934	12
Mouse_Brain_Visium_10x	CCAGCTCGAACGCATT-1	63	65	9031	5954	23505.0	5647	17.204850031908105	10
Mouse_Brain_Visium_10x	CCAGCTGATGGTACTT-1	37	21	5918	2926	11540.0	3595	21.99306759098787	14
Mouse_Brain_Visium_10x	CCAGGGACGTGGCCTC-1	27	53	4720	5128	29985.0	6379	15.737868934467233	2
Mouse_Brain_Visium_10x	CCAGTAGTCTGATCCA-1	27	91	4720	7743	20679.0	5540	10.450215194158325	6
Mouse_Brain_Visium_10x	CCAGTCAAATCTCTTA-1	42	8	6517	2031	36285.0	7322	11.28565522943365	0
Mouse_Brain_Visium_10x	CCAGTCTAGACGGCGC-1	24	86	4361	7399	37920.0	7074	13.773734177215191	6
Mouse_Brain_Visium_10x	CCAGTCTTGTCATAGA-1	59	59	8552	5541	28880.0	6448	14.986149584487535	8
Mouse_Brain_Visium_10x	CCAGTTCGGTAACTCA-1	73	89	10229	7606	16809.0	5300	11.904336962341603	7
Mouse_Brain_Visium_10x	CCATAACCTGTGCAGT-1	51	5	7594	1824	34436.0	7449	7.843535834591707	0
Mouse_Brain_Visium_10x	CCATACCTTTACTTGT-1	30	102	5079	8500	14611.0	4408	10.75217302032715	1
Mouse_Brain_Visium_10x	CCATAGAGGCTGCCAG-1	60	4	8672	1756	16375.0	5408	12.0793893129771	0
Mouse_Brain_Visium_10x	CCATAGGTTGGCGTGG-1	18	62	3642	5747	10347.0	3245	27.921136561322125	3
Mouse_Brain_Visium_10x	CCATATGGAAACTATA-1	53	103	7834	8569	5029.0	2114	15.907735136209983	13
Mouse_Brain_Visium_10x	CCATCGCAGTTAAACT-1	50	62	7475	5747	31468.0	6986	12.94330748697089	8
Mouse_Brain_Visium_10x	CCATCTCACCAGTGAA-1	38	98	6037	8225	10100.0	3448	11.01980198019802	1
Mouse_Brain_Visium_10x	CCATGCCCTAGATTTC-1	56	98	8193	8225	9220.0	3230	17.234273318872017	13
Mouse_Brain_Visium_10x	CCATGCCTGTTTAGTA-1	35	53	5678	5128	34099.0	6917	12.02381301504443	12
Mouse_Brain_Visium_10x	CCATTAGCGATAATCC-1	32	42	5319	4371	35952.0	6888	14.778037383177569	2
Mouse_Brain_Visium_10x	CCATTCCCTGCCCACA-1	33	39	5439	4164	30539.0	6353	16.20550771145093	2
Mouse_Brain_Visium_10x	CCATTTCTACCTATTA-1	55	71	8073	6367	13674.0	4071	18.45107503290917	10
Mouse_Brain_Visium_10x	CCCAAACATGCTGCTC-1	34	88	5558	7537	30240.0	6805	12.69510582010582	4
Mouse_Brain_Visium_10x	CCCAACATACGTCGCG-1	43	35	6636	3889	38265.0	7292	13.228799163726643	9
Mouse_Brain_Visium_10x	CCCAAGTCATTACACT-1	68	96	9630	8088	38890.0	7649	9.277449215736693	7
Mouse_Brain_Visium_10x	CCCAATTTCACAACTT-1	39	33	6157	3751	27396.0	6232	15.305154037085705	14
Mouse_Brain_Visium_10x	CCCACTCCACGGTATC-1	49	3	7355	1687	30967.0	7516	4.685633093292861	0
Mouse_Brain_Visium_10x	CCCAGAGGAGGGCGTA-1	21	105	4002	8707	25856.0	6221	12.832611386138614	5
Mouse_Brain_Visium_10x	CCCAGGTCTGAAGGCT-1	53	111	7834	9120	3711.0	1650	9.485313931554836	1
Mouse_Brain_Visium_10x	CCCAGTAAACTTGGGA-1	52	12	7714	2306	41066.0	8054	6.733063848439098	0
Mouse_Brain_Visium_10x	CCCAGTTAAGGCGCCG-1	42	82	6516	7124	24354.0	5883	12.687854151268784	4
Mouse_Brain_Visium_10x	CCCGAAGTTTCGCGAA-1	45	11	6876	2237	40211.0	8088	5.560667479048022	0
Mouse_Brain_Visium_10x	CCCGACCATAGTCCGC-1	20	74	3882	6573	26276.0	6209	14.526564165017506	3
Mouse_Brain_Visium_10x	CCCGAGTTTCTCCGTA-1	48	108	7235	8913	9589.0	3441	14.808634894149547	1
Mouse_Brain_Visium_10x	CCCGCAGCGCGAACTA-1	49	67	7355	6092	29657.0	6644	12.705263512830022	4
Mouse_Brain_Visium_10x	CCCGGGTCGTTCAGGG-1	65	57	9271	5403	19877.0	4953	25.713135785078233	10
Mouse_Brain_Visium_10x	CCCGGTGTATCGGAAT-1	53	17	7834	2650	38997.0	7773	5.679924096725389	0
Mouse_Brain_Visium_10x	CCCGTAAGTCTAGGCC-1	40	28	6277	3407	25378.0	5962	16.96745212388683	14
Mouse_Brain_Visium_10x	CCCGTAGCTGGGAAGA-1	57	39	8313	4164	20604.0	5401	17.661619103086778	9
Mouse_Brain_Visium_10x	CCCGTCAGCGTCTGAC-1	23	51	4241	4990	28510.0	6181	18.684672044896526	2
Mouse_Brain_Visium_10x	CCCGTGAGGGCGGTGA-1	44	4	6756	1756	40744.0	8079	5.451109365796191	0
Mouse_Brain_Visium_10x	CCCGTTTCGCAGATGT-1	52	106	7714	8776	2398.0	1214	11.301084236864053	13
Mouse_Brain_Visium_10x	CCCTACTTGAACAATG-1	70	86	9870	7399	48358.0	8022	15.327350179908183	11
Mouse_Brain_Visium_10x	CCCTAGGCAACAAGAG-1	47	3	7115	1687	44379.0	8460	6.446742828815431	0
Mouse_Brain_Visium_10x	CCCTATGTAGAGCAGA-1	60	24	8672	3132	21167.0	6048	11.796664619454813	0
Mouse_Brain_Visium_10x	CCCTCCTCGCTCGTAT-1	50	106	7474	8776	6223.0	2436	9.882693234774225	1
Mouse_Brain_Visium_10x	CCCTGAAATGAGTTGA-1	31	39	5199	4164	33253.0	6574	16.756382882747424	2
Mouse_Brain_Visium_10x	CCCTGCCCAATCCGCT-1	41	19	6397	2788	17423.0	5479	13.61992768179992	0
Mouse_Brain_Visium_10x	CCCTGCGCTACGCATA-1	34	24	5559	3132	12881.0	3481	30.354786119090132	14
Mouse_Brain_Visium_10x	CCCTGGCTGTTCCTTC-1	47	5	7115	1824	40274.0	8056	5.8871728658687985	0
Mouse_Brain_Visium_10x	CCCTTTAATGGAGTTC-1	63	109	9031	8982	30777.0	6814	9.552587971537188	7
Mouse_Brain_Visium_10x	CCCTTTGACAGGTCTT-1	50	56	7475	5334	38455.0	7414	8.742686256663633	8
Mouse_Brain_Visium_10x	CCGAACACTGGGCCTC-1	44	18	6756	2719	26291.0	6712	11.38032026168651	0
Mouse_Brain_Visium_10x	CCGAACCTTCCCGGCC-1	49	71	7355	6367	28523.0	6444	14.213091189566315	4
Mouse_Brain_Visium_10x	CCGAAGCATTGACCAA-1	61	5	8792	1824	23546.0	6666	10.405164359126816	0
Mouse_Brain_Visium_10x	CCGACAATAGGCCGCC-1	57	111	8313	9120	10274.0	3585	12.448900136266303	1
Mouse_Brain_Visium_10x	CCGACGGGCATGAGGT-1	54	26	7954	3270	30290.0	7172	7.755034664905909	9
Mouse_Brain_Visium_10x	CCGACGTAAACACAAC-1	13	97	3044	8156	26905.0	6366	13.32466084370935	5
Mouse_Brain_Visium_10x	CCGAGAAGTCGCATAA-1	46	112	6995	9189	6464.0	2651	13.33539603960396	1
Mouse_Brain_Visium_10x	CCGAGCTGTGCTTGTC-1	18	112	3642	9189	32380.0	6909	11.525633106856084	5
Mouse_Brain_Visium_10x	CCGATCTCAACCTTAT-1	37	101	5918	8432	14060.0	4199	13.605974395448078	1
Mouse_Brain_Visium_10x	CCGATTCGAGGGACCC-1	38	20	6038	2857	13668.0	4247	15.00585308750366	14
Mouse_Brain_Visium_10x	CCGCACAAAGACCAAC-1	36	76	5798	6711	39146.0	7395	13.1993051652787	4
Mouse_Brain_Visium_10x	CCGCACTTGCAATGAC-1	69	107	9750	8845	35663.0	7582	7.540027479460505	7
Mouse_Brain_Visium_10x	CCGCATGTGGTACGAT-1	56	66	8193	6023	27861.0	6566	13.847313448907075	10
Mouse_Brain_Visium_10x	CCGCCGGAACTTCTCG-1	54	12	7954	2306	37002.0	7616	8.18604399762175	0
Mouse_Brain_Visium_10x	CCGCCTGCGAATTGGT-1	15	97	3283	8156	24373.0	6220	10.663439051409346	5
Mouse_Brain_Visium_10x	CCGCCTTGCGATGTCG-1	43	7	6636	1962	33281.0	7355	4.954779003034764	0
Mouse_Brain_Visium_10x	CCGCGATTTGGTAGGT-1	39	9	6157	2100	19154.0	5710	15.286624203821656	0
Mouse_Brain_Visium_10x	CCGCGCAAGATACCCA-1	63	3	9032	1687	16537.0	5468	11.755457459031263	0
Mouse_Brain_Visium_10x	CCGCGGAATGCGTCAC-1	51	45	7594	4577	18881.0	5247	19.30512155076532	9
Mouse_Brain_Visium_10x	CCGCGGGTACGAAGAA-1	32	26	5319	3270	15088.0	3734	30.81256627783669	14
Mouse_Brain_Visium_10x	CCGCTATCAGCACCAG-1	45	63	6876	5816	25357.0	6187	12.83274835351185	12
Mouse_Brain_Visium_10x	CCGCTCCAGGGCGATC-1	71	69	9989	6229	26676.0	6156	20.520317888738944	10
Mouse_Brain_Visium_10x	CCGCTCTTCCGAACTA-1	63	99	9031	8294	33325.0	7166	9.638409602400602	7
Mouse_Brain_Visium_10x	CCGCTTACCTCACTCT-1	47	35	7115	3889	30045.0	6650	13.220169745381927	9
Mouse_Brain_Visium_10x	CCGCTTGCTGACATGG-1	27	113	4720	9257	32972.0	7122	7.9855635084313965	5
Mouse_Brain_Visium_10x	CCGGAGCGTACTTTCT-1	58	56	8433	5334	36437.0	7161	11.126053187693827	8
Mouse_Brain_Visium_10x	CCGGCACGACCGTTTC-1	35	111	5678	9120	973.0	617	10.174717368961973	5
Mouse_Brain_Visium_10x	CCGGCCGCGAGCATAT-1	58	2	8433	1618	11992.0	4293	15.076717811874582	0
Mouse_Brain_Visium_10x	CCGGCGTGAGACTCTG-1	47	11	7115	2237	32148.0	7502	7.089087968147319	0
Mouse_Brain_Visium_10x	CCGGGCGGTCTCGTCA-1	32	76	5319	6711	31945.0	6906	7.73516982313351	3
Mouse_Brain_Visium_10x	CCGGGCTGCTCCATAC-1	36	86	5798	7399	18372.0	5068	15.044633137382974	4
Mouse_Brain_Visium_10x	CCGGGTTCGAGGTTAC-1	38	32	6038	3683	30172.0	6600	14.225109372928543	14
Mouse_Brain_Visium_10x	CCGGTAATGGCTAGTC-1	38	114	6037	9326	15375.0	4863	11.882926829268293	1
Mouse_Brain_Visium_10x	CCGGTTTGTAATTGTG-1	56	42	8193	4371	34194.0	7111	9.530911855881149	8
Mouse_Brain_Visium_10x	CCGTAAGTTGGTCCCA-1	33	77	5439	6780	11507.0	3673	10.098201094985662	3
Mouse_Brain_Visium_10x	CCGTAGGAAATCCCTG-1	60	96	8672	8087	29659.0	7062	10.421794396304664	11
Mouse_Brain_Visium_10x	CCGTAGGGTTGTTTAC-1	60	104	8672	8638	23820.0	6151	13.081444164567591	7
Mouse_Brain_Visium_10x	CCGTATCTCGTCGTAG-1	53	27	7834	3339	26770.0	6741	9.943967127381397	9
Mouse_Brain_Visium_10x	CCGTATTAGCGCAGTT-1	17	111	3523	9120	24763.0	6282	11.359689859871583	5
Mouse_Brain_Visium_10x	CCGTGGAACGATCCAA-1	24	106	4361	8776	16925.0	4944	13.849335302806498	5
Mouse_Brain_Visium_10x	CCGTGTTAAATTCCAT-1	48	36	7235	3958	22790.0	5858	13.584905660377359	9
Mouse_Brain_Visium_10x	CCGTTACGTTAGAACA-1	20	88	3882	7537	30112.0	6905	10.623671625929862	6
Mouse_Brain_Visium_10x	CCGTTCCGAATCTCGG-1	40	22	6277	2994	17162.0	4691	21.687449015266285	14
Mouse_Brain_Visium_10x	CCTAAAGGCTGACGCT-1	14	82	3163	7124	8971.0	2591	22.405528926541077	6
Mouse_Brain_Visium_10x	CCTAAATTAACGGTTC-1	42	68	6517	6160	23461.0	5739	16.648906696219257	12
Mouse_Brain_Visium_10x	CCTAAATTGTATCCTA-1	52	114	7714	9326	3205.0	1467	12.168486739469579	1
Mouse_Brain_Visium_10x	CCTAACCCAAACAAGT-1	49	89	7355	7606	20211.0	5408	16.634505962099848	13
Mouse_Brain_Visium_10x	CCTAACTAAGGCTCTA-1	21	93	4002	7881	29349.0	6481	12.671641282496848	6
Mouse_Brain_Visium_10x	CCTACATTCACAGACG-1	51	33	7594	3751	13969.0	4572	12.785453504187844	9
Mouse_Brain_Visium_10x	CCTACTGCTTACACTT-1	27	49	4720	4853	23924.0	5733	17.672629994984117	2
Mouse_Brain_Visium_10x	CCTAGGCGTAGCGATC-1	36	88	5798	7537	22145.0	5738	14.82050124181531	4
Mouse_Brain_Visium_10x	CCTAGGTAAAGGTAGC-1	51	11	7594	2237	39015.0	7940	6.694860950916315	0
Mouse_Brain_Visium_10x	CCTATAATGAGTGCCC-1	55	81	8073	7055	23386.0	5771	16.304626699734882	11
Mouse_Brain_Visium_10x	CCTATACCGTCCTGTC-1	55	45	8073	4577	37614.0	7152	12.561812091242622	8
Mouse_Brain_Visium_10x	CCTATATCGTGTCACG-1	60	10	8672	2169	15896.0	5118	17.45093105183694	0
Mouse_Brain_Visium_10x	CCTATATTTGTCCTGG-1	62	52	8912	5059	13941.0	3939	29.474212753747935	8
Mouse_Brain_Visium_10x	CCTATCTATATCGGAA-1	19	77	3762	6780	27283.0	6392	13.994062236557564	6
Mouse_Brain_Visium_10x	CCTATGAAGTGGTGCC-1	37	111	5918	9120	1123.0	655	7.3018699910952805	1
Mouse_Brain_Visium_10x	CCTATGGCTCCTAGTG-1	62	24	8912	3132	10390.0	3891	19.268527430221365	0
Mouse_Brain_Visium_10x	CCTATGGGTTACCGTC-1	29	69	4960	6229	36773.0	7170	11.7803823457428	3
Mouse_Brain_Visium_10x	CCTATGGTCAAAGCTG-1	68	68	9630	6160	38159.0	7374	14.963704499593804	10
Mouse_Brain_Visium_10x	CCTATGTCCACTCCAC-1	62	92	8912	7812	6946.0	2727	9.962568384681832	11
Mouse_Brain_Visium_10x	CCTCAACGATCGCTGT-1	52	0	7714	1480	30670.0	7285	9.775024453863711	0
Mouse_Brain_Visium_10x	CCTCACCTGAGGGAGC-1	28	102	4840	8500	3278.0	1498	13.270286760219646	1
Mouse_Brain_Visium_10x	CCTCACCTTAGCATCG-1	27	97	4720	8156	14641.0	4162	11.49511645379414	6
Mouse_Brain_Visium_10x	CCTCCGACAATTCAAG-1	33	33	5439	3751	31113.0	6287	17.92176903545142	14
Mouse_Brain_Visium_10x	CCTCCTGAGCCCACAT-1	38	8	6038	2031	13109.0	4569	17.13326722099321	0
Mouse_Brain_Visium_10x	CCTCCTGTTGTGTCGT-1	62	96	8912	8087	33956.0	7244	8.463894451643302	11
Mouse_Brain_Visium_10x	CCTCGCCAGCAAATTA-1	18	74	3642	6573	26448.0	6204	15.865093768905023	3
Mouse_Brain_Visium_10x	CCTCGCGCGATATAGG-1	21	95	4002	8018	27770.0	6425	11.97335253871084	6
Mouse_Brain_Visium_10x	CCTCGCGCTGTGCGAT-1	57	59	8313	5541	34951.0	7087	11.644874252524962	8
Mouse_Brain_Visium_10x	CCTCGGACCGGGATAG-1	41	85	6397	7330	22666.0	5772	16.09017912291538	4
Mouse_Brain_Visium_10x	CCTCTAATCTGCCAAG-1	23	73	4241	6504	32591.0	6921	12.052407106256329	3
Mouse_Brain_Visium_10x	CCTCTATCGATTAGCA-1	52	26	7714	3270	25974.0	6835	6.398706398706398	9
Mouse_Brain_Visium_10x	CCTCTCTCCCATCTAG-1	34	36	5559	3958	29051.0	6567	14.171629203813982	2
Mouse_Brain_Visium_10x	CCTCTGGCCTAGACGG-1	15	75	3283	6642	14407.0	4238	17.366557923231763	6
Mouse_Brain_Visium_10x	CCTCTGTACTATTCTA-1	53	61	7834	5679	26490.0	6421	11.19667799169498	8
Mouse_Brain_Visium_10x	CCTGAACGATATATTC-1	37	85	5918	7330	28105.0	6548	12.378580323785805	4
Mouse_Brain_Visium_10x	CCTGAATATTTACATA-1	23	71	4241	6367	33321.0	6911	12.98880585816752	3
Mouse_Brain_Visium_10x	CCTGACCACCGATGGT-1	45	61	6876	5679	28397.0	6565	14.262069936965172	12
Mouse_Brain_Visium_10x	CCTGCTATTTGAGAAG-1	26	50	4600	4921	24424.0	5749	18.87078283655421	2
Mouse_Brain_Visium_10x	CCTGGAAACGTTCTGC-1	39	113	6157	9257	15693.0	4927	10.597081501306315	1
Mouse_Brain_Visium_10x	CCTGGCTAGACCCGCC-1	29	43	4960	4440	26806.0	5919	17.71991345221219	2
Mouse_Brain_Visium_10x	CCTGGTCGAATGTGGG-1	59	69	8552	6229	28339.0	6565	12.975052048413845	10
Mouse_Brain_Visium_10x	CCTGTAAGACATGATA-1	37	41	5918	4302	35645.0	7091	15.399074203955673	2
Mouse_Brain_Visium_10x	CCTGTACTCACGCCCA-1	40	24	6277	3132	29714.0	6529	15.676112270310291	14
Mouse_Brain_Visium_10x	CCTGTCACCCGGGCTC-1	29	67	4960	6091	33961.0	6963	13.185713023762553	3
Mouse_Brain_Visium_10x	CCTGTCCCTCACGTTA-1	36	114	5798	9326	1204.0	665	12.043189368770763	5
Mouse_Brain_Visium_10x	CCTGTCGCCCGTAAAT-1	36	62	5798	5747	29899.0	6640	9.48192247232349	12
Mouse_Brain_Visium_10x	CCTGTTTGAAGACACG-1	58	94	8433	7950	13945.0	4529	12.542129795625673	11
Mouse_Brain_Visium_10x	CCTTCAGTTAAAGTGA-1	61	47	8792	4715	15528.0	3679	32.79881504379186	8
Mouse_Brain_Visium_10x	CCTTCGTATAGAATCC-1	69	61	9750	5679	26990.0	6139	20.29270100037051	10
Mouse_Brain_Visium_10x	CCTTCTCAGCGTTCCT-1	43	15	6636	2513	27573.0	6850	7.347767743807347	0
Mouse_Brain_Visium_10x	CCTTCTTGATCCAGTG-1	19	73	3762	6504	24053.0	5996	15.569783395002704	3
Mouse_Brain_Visium_10x	CCTTGACCACTTTATT-1	55	109	8073	8982	2350.0	1046	15.872340425531913	1
Mouse_Brain_Visium_10x	CCTTTAAGGGAGCACT-1	58	50	8433	4922	30514.0	6568	12.876056891918463	8
Mouse_Brain_Visium_10x	CCTTTCAATGAAGAAA-1	25	95	4481	8019	29851.0	6836	10.626109678067737	6
Mouse_Brain_Visium_10x	CCTTTGAATTATGGCT-1	58	6	8433	1893	13513.0	4822	12.225264560053283	0
Mouse_Brain_Visium_10x	CGAAACGCAATTCATG-1	41	33	6397	3751	34491.0	6915	14.183410164970573	14
Mouse_Brain_Visium_10x	CGAACAGTATGGGCGT-1	50	96	7474	8087	7429.0	2976	12.168528738726613	13
Mouse_Brain_Visium_10x	CGAACCCGCATGCGTC-1	49	49	7355	4853	33534.0	6876	14.35557941194012	8
Mouse_Brain_Visium_10x	CGAACGGCCGGACAAC-1	47	15	7115	2513	38622.0	8205	5.905960333488685	0
Mouse_Brain_Visium_10x	CGAAGCTATAAATTCA-1	19	105	3762	8707	37716.0	7247	12.832750026513947	5
Mouse_Brain_Visium_10x	CGAAGTTGCTCTGTGT-1	33	35	5439	3889	27964.0	6391	16.453297096266628	2
Mouse_Brain_Visium_10x	CGAATCTGCTCGACGC-1	62	22	8912	2994	11711.0	4468	12.808470668602167	0
Mouse_Brain_Visium_10x	CGAATGAAGTCATTGC-1	62	20	8912	2857	9952.0	4025	13.032556270096462	0
Mouse_Brain_Visium_10x	CGAATGACGCATAATG-1	63	57	9031	5403	44307.0	7820	4.59972464847541	8
Mouse_Brain_Visium_10x	CGACAATTTGATCTAA-1	43	95	6636	8019	8656.0	2863	15.18022181146026	13
Mouse_Brain_Visium_10x	CGACACGCTCCGACAG-1	46	94	6995	7950	20982.0	5740	13.197026022304833	13
Mouse_Brain_Visium_10x	CGACAGTTCGCGTTAT-1	36	42	5798	4371	36942.0	7041	15.60554382545612	2
Mouse_Brain_Visium_10x	CGACCCTTAACGCCGG-1	48	12	7235	2306	28274.0	7109	7.466223385442455	0
Mouse_Brain_Visium_10x	CGACCTACTAGACAAT-1	46	0	6996	1480	47547.0	8483	6.324268618419669	0
Mouse_Brain_Visium_10x	CGACGCATCCGTACCT-1	50	10	7475	2169	27786.0	6954	8.079608435902973	0
Mouse_Brain_Visium_10x	CGACTCAGGATGTTAT-1	23	89	4241	7606	25497.0	6092	12.656390947954662	6
Mouse_Brain_Visium_10x	CGACTTTGTATAGCCT-1	33	109	5439	8982	3051.0	1527	13.307112422156669	5
Mouse_Brain_Visium_10x	CGAGACCCTAGAGTGT-1	43	61	6636	5679	30951.0	6579	16.506736454395657	12
Mouse_Brain_Visium_10x	CGAGACTACTGCTGCT-1	72	98	10109	8225	49947.0	8365	6.90732176106673	7
Mouse_Brain_Visium_10x	CGAGAGATGTGAACCT-1	29	73	4960	6504	38646.0	7429	12.182373337473477	3
Mouse_Brain_Visium_10x	CGAGAGCGCGTAGATA-1	45	7	6876	1962	40488.0	7926	7.049002173483501	0
Mouse_Brain_Visium_10x	CGAGAGCTTTCACTAC-1	64	88	9151	7537	29197.0	6638	12.470459293763057	11
Mouse_Brain_Visium_10x	CGAGAGGGTAGCCGCG-1	56	104	8193	8638	13034.0	3849	16.418597514193646	7
Mouse_Brain_Visium_10x	CGAGCTGGGCTTTAGG-1	17	67	3523	6091	12003.0	3449	28.792801799550112	3
Mouse_Brain_Visium_10x	CGAGGCTAAATATGGC-1	29	71	4960	6367	44706.0	7713	11.090233973068491	3
Mouse_Brain_Visium_10x	CGAGGGACTGCGGTCG-1	38	78	6037	6849	28604.0	6423	14.424556006152986	4
Mouse_Brain_Visium_10x	CGAGGGTATCCAGGTG-1	64	60	9151	5610	44229.0	7883	6.27642497004228	10
Mouse_Brain_Visium_10x	CGAGTACTAAAGAGGA-1	45	35	6876	3889	31819.0	6781	14.97847198214903	9
Mouse_Brain_Visium_10x	CGAGTGAAGGTACCAG-1	55	29	8073	3476	20438.0	5684	13.38193561013798	9
Mouse_Brain_Visium_10x	CGAGTTCTGTCCCACC-1	27	85	4720	7330	23046.0	5941	11.477045908183632	6
Mouse_Brain_Visium_10x	CGAGTTTATCGGACTG-1	37	93	5918	7881	15068.0	4481	16.385718078046192	1
Mouse_Brain_Visium_10x	CGATACCTCGCGGACA-1	40	48	6277	4784	40464.0	7500	10.99248714907078	12
Mouse_Brain_Visium_10x	CGATAGTCGTACTGCA-1	66	88	9391	7537	32990.0	6973	13.131251894513488	11
Mouse_Brain_Visium_10x	CGATCCGACCCAGTGC-1	38	50	6038	4921	41837.0	7446	12.878552477472095	12
Mouse_Brain_Visium_10x	CGATCTGTTGGAGGAC-1	46	24	6996	3132	10517.0	4296	10.421222782162214	0
Mouse_Brain_Visium_10x	CGATGGACCCTACGCC-1	22	96	4121	8087	25757.0	6223	11.472609387739254	6
Mouse_Brain_Visium_10x	CGATGTTGTTATCTAC-1	58	12	8433	2306	25562.0	6449	13.328378061184571	0
Mouse_Brain_Visium_10x	CGATTAAATATCTCCT-1	56	62	8193	5747	29152.0	6555	14.002469813391876	8
Mouse_Brain_Visium_10x	CGATTCGCCTGGCTGC-1	57	73	8313	6505	20190.0	5607	14.730064388311046	10
Mouse_Brain_Visium_10x	CGCAAACACGAGTTAC-1	27	37	4720	4027	16235.0	4483	21.847859562673236	2
Mouse_Brain_Visium_10x	CGCAATTAGGGTAATA-1	28	44	4840	4508	30112.0	6496	17.29875132837407	2
Mouse_Brain_Visium_10x	CGCACATGTCCACTAC-1	39	87	6157	7468	22493.0	5742	15.204730360556617	4
Mouse_Brain_Visium_10x	CGCACGTGCGCTATCA-1	39	99	6157	8294	22716.0	5862	15.363620355696424	1
Mouse_Brain_Visium_10x	CGCAGATCTTCACCCG-1	25	113	4481	9257	11886.0	3900	18.425037859666833	5
Mouse_Brain_Visium_10x	CGCAGGCGATCCAAAC-1	52	102	7714	8500	2603.0	1271	11.986169804072224	13
Mouse_Brain_Visium_10x	CGCATGCCGAATGCGT-1	67	89	9510	7606	38417.0	7558	11.619855793008304	11
Mouse_Brain_Visium_10x	CGCATGGTGCGATGCT-1	40	66	6277	6023	35451.0	7085	11.711940424811711	12
Mouse_Brain_Visium_10x	CGCATTAGCTAATAGG-1	27	57	4720	5403	31716.0	6647	15.285660234581913	2
Mouse_Brain_Visium_10x	CGCCACAGGTCGCGAT-1	49	9	7355	2100	31187.0	7350	7.249815628306666	0
Mouse_Brain_Visium_10x	CGCCATCCGATTATGA-1	24	80	4361	6986	31693.0	6633	13.659167639541856	3
Mouse_Brain_Visium_10x	CGCCCAGCACGCCTAG-1	59	51	8552	4990	42732.0	7719	9.143030983806048	8
Mouse_Brain_Visium_10x	CGCCCAGCGTTTCACG-1	65	89	9271	7606	26398.0	6209	12.428971891809985	11
Mouse_Brain_Visium_10x	CGCCCGCTTCCGTACA-1	18	80	3642	6986	25025.0	5863	15.132867132867133	6
Mouse_Brain_Visium_10x	CGCCGCCCATGCCTGT-1	39	83	6157	7193	18729.0	5096	15.852421378610709	4
Mouse_Brain_Visium_10x	CGCCGTTCAGCATAGT-1	58	104	8433	8638	9343.0	3371	14.224553141389276	7
Mouse_Brain_Visium_10x	CGCCTCCCTCCTCTAT-1	43	73	6636	6504	13777.0	4150	14.727444291209988	4
Mouse_Brain_Visium_10x	CGCCTGGCCTACGTAA-1	41	27	6397	3339	32320.0	6685	16.51299504950495	14
Mouse_Brain_Visium_10x	CGCGAAGTGGCATACT-1	64	96	9151	8088	38587.0	7716	9.189623448311607	7
Mouse_Brain_Visium_10x	CGCGACCGCGACAGAT-1	59	81	8552	7055	25030.0	6132	13.855373551737916	11
Mouse_Brain_Visium_10x	CGCGAGAGGGACTTGT-1	16	108	3403	8913	39357.0	7702	10.945956246665142	5
Mouse_Brain_Visium_10x	CGCGAGTCTGCCGGGT-1	52	20	7714	2857	35923.0	7739	5.701082871697798	0
Mouse_Brain_Visium_10x	CGCGCAAATGTCCAGA-1	56	24	8193	3132	37010.0	7556	12.396649554174548	9
Mouse_Brain_Visium_10x	CGCGCATGTTTGATTG-1	50	54	7475	5197	36124.0	7195	11.740117373491307	8
Mouse_Brain_Visium_10x	CGCGCCCGACTTAATA-1	21	75	4002	6642	32828.0	6955	12.995004264652128	3
Mouse_Brain_Visium_10x	CGCGGCTCAACTTGAA-1	43	97	6636	8156	11727.0	3860	13.703419459367272	13
Mouse_Brain_Visium_10x	CGCGGGAATTAGGCAG-1	28	80	4840	6986	30911.0	6769	11.78868364012811	3
Mouse_Brain_Visium_10x	CGCGGGAATTCCTTTC-1	72	84	10109	7262	28749.0	6477	18.02497478173154	10
Mouse_Brain_Visium_10x	CGCGGTCACAAACCAA-1	18	106	3642	8776	40451.0	7540	11.745074287409459	5
Mouse_Brain_Visium_10x	CGCGTTCATGAAATAC-1	27	51	4720	4990	33343.0	6766	15.772425996461026	2
Mouse_Brain_Visium_10x	CGCTACGGGACATTTA-1	38	48	6038	4784	38588.0	7461	11.964859541826474	2
Mouse_Brain_Visium_10x	CGCTAGAGACCGCTGC-1	39	101	6157	8432	18512.0	5431	11.813958513396717	1
Mouse_Brain_Visium_10x	CGCTATTCTTAGGCTC-1	38	60	6038	5610	8218.0	2964	12.886347043076174	12
Mouse_Brain_Visium_10x	CGCTCTCCGTAGATTA-1	33	37	5439	4027	27403.0	6402	14.750209831040397	2
Mouse_Brain_Visium_10x	CGCTGGTGACTACCCT-1	48	98	7235	8225	9083.0	3393	12.914235384784764	13
Mouse_Brain_Visium_10x	CGCTGTGACGCCGCAC-1	25	47	4481	4715	27078.0	6133	18.900952803013517	2
Mouse_Brain_Visium_10x	CGCTGTGTGGATGTTG-1	59	43	8552	4440	15574.0	4050	28.560421214845256	8
Mouse_Brain_Visium_10x	CGCTTATTCCCGGTCG-1	42	30	6517	3545	28296.0	6359	13.998445009895391	14
Mouse_Brain_Visium_10x	CGCTTCGGTCTAAGAC-1	66	104	9391	8638	29701.0	6900	9.437392680381132	7
Mouse_Brain_Visium_10x	CGCTTTCTTGCATTCG-1	31	85	5199	7330	5953.0	2447	10.71728540231816	4
Mouse_Brain_Visium_10x	CGGAAAGAATCAAACG-1	58	48	8433	4784	49575.0	7994	10.38224911749874	8
Mouse_Brain_Visium_10x	CGGAACGTAAACATAG-1	47	45	7115	4577	31682.0	6655	15.466195315952275	9
Mouse_Brain_Visium_10x	CGGACCTTTACGTCCC-1	71	71	9989	6367	28828.0	6343	19.859164700985154	10
Mouse_Brain_Visium_10x	CGGACGTTACTTGAAG-1	42	6	6517	1893	35925.0	7568	10.123869171885874	0
Mouse_Brain_Visium_10x	CGGAGCAATTTAATCG-1	54	60	7954	5610	41159.0	7857	10.89919580164727	8
Mouse_Brain_Visium_10x	CGGAGCATGGCGATCC-1	39	67	6157	6091	34275.0	6963	14.366156090444932	12
Mouse_Brain_Visium_10x	CGGAGTTTGAGAGACA-1	30	34	5080	3820	24514.0	5795	19.20127274210655	2
Mouse_Brain_Visium_10x	CGGATCCTCAAGGACT-1	60	80	8672	6986	27401.0	6410	14.667347907010694	11
Mouse_Brain_Visium_10x	CGGCAAACATCGTGCG-1	52	66	7714	6023	38864.0	7534	12.000823384108687	4
Mouse_Brain_Visium_10x	CGGCAATAAGATCGCC-1	54	108	7953	8913	4394.0	1973	11.948111060537096	1
Mouse_Brain_Visium_10x	CGGCAGGGTCGGGTTG-1	32	94	5319	7950	9583.0	3343	13.8996138996139	6
Mouse_Brain_Visium_10x	CGGCCACGCACAAAGT-1	35	59	5678	5541	47229.0	7904	9.286667090135298	12
Mouse_Brain_Visium_10x	CGGCCCAACCTGTAGT-1	28	112	4840	9189	43018.0	7416	5.341949881444977	5
Mouse_Brain_Visium_10x	CGGCCCAGGTATATCC-1	43	105	6636	8707	11281.0	3504	11.576987855686554	1
Mouse_Brain_Visium_10x	CGGCGCCATCAATCCC-1	59	93	8552	7881	27912.0	6830	10.94153052450559	11
Mouse_Brain_Visium_10x	CGGCTCTAAAGCTGCA-1	46	110	6995	9051	20447.0	5519	11.273047390815279	1
Mouse_Brain_Visium_10x	CGGGAATATAGTATAC-1	47	105	7115	8707	8610.0	3132	11.742160278745645	1
Mouse_Brain_Visium_10x	CGGGAATTTATGTAAA-1	45	65	6876	5954	30118.0	6730	12.7100073046019	12
Mouse_Brain_Visium_10x	CGGGAGCTTCAGTGTA-1	49	91	7355	7743	18413.0	5245	14.250801064465325	13
Mouse_Brain_Visium_10x	CGGGATCAATGTAAGA-1	23	59	4241	5541	34243.0	6761	17.32032824226849	3
Mouse_Brain_Visium_10x	CGGGCAGCTAAACCGC-1	32	56	5319	5334	41704.0	7252	16.410895837329754	12
Mouse_Brain_Visium_10x	CGGGCCTTCTTTGTAA-1	41	55	6397	5266	36636.0	7327	8.360628889616772	12
Mouse_Brain_Visium_10x	CGGGCGATGGATCACG-1	69	75	9750	6642	44639.0	7851	13.170097896458255	10
Mouse_Brain_Visium_10x	CGGGTGTACCCATTTA-1	32	86	5319	7399	21415.0	5755	12.509922951202428	4
Mouse_Brain_Visium_10x	CGGGTTTGTTAGGGCT-1	56	114	8193	9326	4441.0	1969	13.375365908579148	1
Mouse_Brain_Visium_10x	CGGTACGGCAAACCCA-1	53	1	7834	1549	29885.0	6854	13.883219006190398	0
Mouse_Brain_Visium_10x	CGGTACTAGAATCAAA-1	43	83	6636	7193	26833.0	6281	13.800171430701003	4
Mouse_Brain_Visium_10x	CGGTAGAGGTGCAGGT-1	22	92	4121	7812	28789.0	6588	11.351557886692834	6
Mouse_Brain_Visium_10x	CGGTATAGGTATTAGC-1	11	99	2804	8294	9915.0	3417	18.234997478567827	5
Mouse_Brain_Visium_10x	CGGTCAAGTGGGAACC-1	26	80	4600	6986	37353.0	7145	11.929430032393649	3
Mouse_Brain_Visium_10x	CGGTCCGTCGCAAGCC-1	63	51	9031	4990	17210.0	4412	28.19291109819872	8
Mouse_Brain_Visium_10x	CGGTCTATCAACCCGT-1	18	82	3642	7124	32365.0	6828	14.132550594778309	6
Mouse_Brain_Visium_10x	CGGTGAAGACTAAAGT-1	35	23	5678	3063	12738.0	3514	29.455173496624276	14
Mouse_Brain_Visium_10x	CGGTGCAGATAGAACG-1	42	36	6517	3958	38818.0	7386	12.004740069040135	9
Mouse_Brain_Visium_10x	CGGTGCGCGTTGGTCC-1	49	39	7355	4164	24819.0	5774	18.461662436036907	9
Mouse_Brain_Visium_10x	CGGTGGGCTCCAGCCT-1	15	99	3283	8294	25562.0	6480	11.775291448243488	5
Mouse_Brain_Visium_10x	CGGTTATCCAACAGTG-1	30	98	5079	8225	14152.0	4310	8.868004522329	1
Mouse_Brain_Visium_10x	CGGTTCAAGTAGGTGT-1	24	98	4361	8225	18183.0	5124	12.891162074465159	6
Mouse_Brain_Visium_10x	CGGTTGACCTGGCATA-1	39	25	6157	3201	27411.0	6107	19.40826675422276	14
Mouse_Brain_Visium_10x	CGTACCTGATAGGCCT-1	22	68	4121	6160	26859.0	6138	16.299936706504337	3
Mouse_Brain_Visium_10x	CGTAGAGAGTAATTAT-1	67	87	9510	7468	41524.0	7828	12.02677969367113	11
Mouse_Brain_Visium_10x	CGTATTAAGAGATCTA-1	32	54	5319	5197	38435.0	7005	14.58046051775725	2
Mouse_Brain_Visium_10x	CGTCACGTCCATTGGT-1	47	51	7115	4990	29444.0	6519	15.36815650047548	8
Mouse_Brain_Visium_10x	CGTCCTCATCGCGTGC-1	71	111	9989	9120	35633.0	7583	7.765273763084781	7
Mouse_Brain_Visium_10x	CGTCGCATGTGAGCCA-1	65	77	9271	6780	34999.0	7391	11.088888253950113	10
Mouse_Brain_Visium_10x	CGTCGGATAGTGTTGA-1	34	96	5558	8087	11212.0	3913	12.227970032108455	1
Mouse_Brain_Visium_10x	CGTCGGGTCTAAGCGC-1	54	22	7954	2994	30557.0	7127	5.792453447655202	9
Mouse_Brain_Visium_10x	CGTCGTCCTTCGCGAA-1	56	76	8193	6711	18880.0	5315	13.654661016949152	11
Mouse_Brain_Visium_10x	CGTGAAGTTAATTCAC-1	40	56	6277	5334	22834.0	6026	8.767627222562844	12
Mouse_Brain_Visium_10x	CGTGACATTGGGTCGT-1	15	83	3283	7193	10104.0	3397	19.972288202692003	6
Mouse_Brain_Visium_10x	CGTGACCAGTCCTCTG-1	63	55	9031	5266	17830.0	4885	20.47111609646663	8
Mouse_Brain_Visium_10x	CGTGCACACCACTGTA-1	72	90	10109	7675	17106.0	4923	15.421489535835379	7
Mouse_Brain_Visium_10x	CGTGCAGACTGGGACA-1	40	74	6277	6573	7250.0	2916	16.70344827586207	4
Mouse_Brain_Visium_10x	CGTGCATTGTCGACGC-1	39	31	6157	3614	27143.0	6145	15.396234756659174	14
Mouse_Brain_Visium_10x	CGTGCCCTCCCGAAGA-1	43	77	6636	6780	17645.0	5095	15.613488240294702	4
Mouse_Brain_Visium_10x	CGTGGCCGAATATCTA-1	47	101	7115	8432	14484.0	4678	10.805026235846451	13
Mouse_Brain_Visium_10x	CGTGTATGGGAGCTGA-1	65	111	9271	9120	9524.0	3985	8.263334733305335	7
Mouse_Brain_Visium_10x	CGTGTCCCATTCGCGA-1	28	40	4840	4233	14096.0	4286	20.14755959137344	2
Mouse_Brain_Visium_10x	CGTTAAACTAGTTAGG-1	49	111	7355	9120	16168.0	4825	11.337209302325581	1
Mouse_Brain_Visium_10x	CGTTAATGTCCCGACG-1	59	87	8552	7468	22678.0	6095	14.300202839756594	11
Mouse_Brain_Visium_10x	CGTTAGCTCACAACTG-1	14	90	3163	7674	27210.0	6329	13.26718118338846	6
Mouse_Brain_Visium_10x	CGTTATCATACTTCCA-1	45	1	6876	1549	29551.0	7234	5.140265980846672	0
Mouse_Brain_Visium_10x	CGTTCAGACCCGCGAA-1	65	61	9271	5679	35627.0	7438	7.438178909254217	10
Mouse_Brain_Visium_10x	CGTTCATGGTGCGCGT-1	48	20	7235	2857	27059.0	6839	9.002549983369674	0
Mouse_Brain_Visium_10x	CGTTCTTCGCACACCT-1	19	109	3762	8982	27078.0	6269	12.574783957456237	5
Mouse_Brain_Visium_10x	CGTTGAATACCGCGCT-1	57	77	8313	6780	25467.0	6120	15.203989476577531	11
Mouse_Brain_Visium_10x	CGTTGAGCGACCGTCG-1	44	74	6756	6573	15712.0	4654	16.146894093686353	4
Mouse_Brain_Visium_10x	CGTTGAGTAATTGCGT-1	11	101	2804	8431	10251.0	3520	17.793386011120866	5
Mouse_Brain_Visium_10x	CGTTGTAAGATTGATT-1	26	108	4600	8913	1925.0	980	12.779220779220779	5
Mouse_Brain_Visium_10x	CGTTGTCGGCAATTGA-1	64	66	9151	6023	33394.0	6966	14.316943163442536	10
Mouse_Brain_Visium_10x	CGTTGTTTCAATTCCC-1	34	40	5559	4233	25601.0	6055	17.835240810905827	2
Mouse_Brain_Visium_10x	CGTTTCACTTCGGGCG-1	18	92	3642	7812	23937.0	6103	10.96210886911476	6
Mouse_Brain_Visium_10x	CGTTTCGCTCATTACA-1	35	49	5678	4853	35674.0	7029	13.194483377249538	2
Mouse_Brain_Visium_10x	CGTTTGTGTAGAGGGT-1	55	41	8073	4302	30308.0	6603	10.04685231622014	9
Mouse_Brain_Visium_10x	CTAAAGAATGCCTACT-1	36	36	5798	3958	37472.0	7125	15.256725021349274	14
Mouse_Brain_Visium_10x	CTAAAGGGAAATAGGA-1	44	62	6756	5747	31075.0	6702	15.359613837489944	12
Mouse_Brain_Visium_10x	CTAAATCCTATTCCGG-1	26	84	4600	7261	39204.0	7196	12.358432812978268	6
Mouse_Brain_Visium_10x	CTAACAGCACAATAAC-1	61	1	8792	1549	22082.0	6244	14.8537270174803	0
Mouse_Brain_Visium_10x	CTAACCGCGCGCCCGT-1	37	35	5918	3889	34550.0	6819	15.102749638205498	14
Mouse_Brain_Visium_10x	CTAACGAAACTTGCTG-1	30	94	5079	7950	15345.0	4388	10.218312153796024	6
Mouse_Brain_Visium_10x	CTAACTGATAATCGCC-1	58	102	8433	8500	18880.0	5188	14.883474576271185	7
Mouse_Brain_Visium_10x	CTAACTGGTCCGGTTC-1	50	36	7475	3958	14105.0	4346	19.447004608294932	9
Mouse_Brain_Visium_10x	CTAAGGGAATGATTGG-1	44	72	6756	6436	18607.0	5163	16.12833879722685	4
Mouse_Brain_Visium_10x	CTAATTCGCACGCGCT-1	28	34	4840	3820	18651.0	4860	23.435740710953837	2
Mouse_Brain_Visium_10x	CTAATTCTCAGATATT-1	27	105	4720	8707	9547.0	3493	11.17628574421284	5
Mouse_Brain_Visium_10x	CTACACTCGCAGATGG-1	57	101	8313	8432	17437.0	4893	15.363881401617252	13
Mouse_Brain_Visium_10x	CTACCCTAAGGTCATA-1	31	91	5199	7743	20687.0	5442	8.62377338425098	6
Mouse_Brain_Visium_10x	CTACGACTAGCTATAA-1	38	24	6038	3132	25781.0	6033	19.762615879911564	14
Mouse_Brain_Visium_10x	CTACGCACGGAGTACC-1	35	57	5678	5403	29702.0	6509	12.68938118645209	12
Mouse_Brain_Visium_10x	CTACTATCATAGGTTT-1	53	25	7834	3201	25585.0	6757	7.039280828610514	9
Mouse_Brain_Visium_10x	CTACTATCTTTCAGAG-1	29	93	4960	7881	17425.0	5292	7.110473457675753	6
Mouse_Brain_Visium_10x	CTACTCAAGGTATAGT-1	60	42	8672	4371	10309.0	3284	15.607721408478028	8
Mouse_Brain_Visium_10x	CTACTCTAGGCCCGGC-1	31	25	5199	3201	7274.0	2503	27.907616167170744	14
Mouse_Brain_Visium_10x	CTACTGCCACCTGACC-1	27	63	4720	5816	29615.0	6370	15.198379199729867	3
Mouse_Brain_Visium_10x	CTAGATGTGAGTGTAA-1	33	103	5439	8569	19653.0	5010	9.703353177631914	1
Mouse_Brain_Visium_10x	CTAGATTTACGACGGC-1	42	74	6516	6573	15109.0	4508	16.500099278575682	4
Mouse_Brain_Visium_10x	CTAGCATAGTATAATG-1	34	66	5558	6023	33383.0	6946	9.636641404307582	12
Mouse_Brain_Visium_10x	CTAGCCGATGTTATGA-1	23	101	4241	8431	23211.0	6000	10.73628882857266	6
Mouse_Brain_Visium_10x	CTAGGCGCCCTATCAG-1	51	91	7594	7743	14442.0	4608	14.873286248442044	13
Mouse_Brain_Visium_10x	CTAGGTCTGAAGGAAT-1	36	104	5798	8638	24919.0	6159	8.75637064087644	1
Mouse_Brain_Visium_10x	CTAGGTTCGGACGTGA-1	58	70	8433	6298	29918.0	6709	14.44615281770172	10
Mouse_Brain_Visium_10x	CTAGTAGAAAGGGATT-1	63	81	9031	7055	38735.0	7489	15.355621530915192	11
Mouse_Brain_Visium_10x	CTAGTCACGTCTTAAG-1	37	69	5918	6229	16057.0	4654	13.6949616989475	12
Mouse_Brain_Visium_10x	CTAGTGAAGGACAGGA-1	34	38	5559	4096	26761.0	6126	17.555397780352006	2
Mouse_Brain_Visium_10x	CTAGTTACAACCCGGT-1	53	67	7834	6092	34618.0	7181	11.101161245594778	4
Mouse_Brain_Visium_10x	CTAGTTGGGCCCGGTA-1	26	68	4600	6160	32198.0	6712	13.858003602708244	3
Mouse_Brain_Visium_10x	CTATAAGAGCCAATCG-1	26	100	4600	8363	18776.0	5367	9.74115892628888	6
Mouse_Brain_Visium_10x	CTATACTTAAAGCGAG-1	62	4	8912	1756	19063.0	6046	9.956460158422074	0
Mouse_Brain_Visium_10x	CTATCGACGAAATACA-1	53	93	7834	7881	16839.0	5102	11.455549616960626	13
Mouse_Brain_Visium_10x	CTATCGGGTCTCAACA-1	35	69	5678	6229	18222.0	4783	9.175721655142135	3
Mouse_Brain_Visium_10x	CTATGCCCGAATGCAA-1	63	59	9031	5541	49667.0	8052	8.462359313024745	10
Mouse_Brain_Visium_10x	CTATGGGAAGCGGAAT-1	54	104	7953	8638	7039.0	2785	16.195482312828528	13
Mouse_Brain_Visium_10x	CTATGTCACTAGCCCA-1	30	66	5079	6023	32724.0	6745	13.580246913580247	3
Mouse_Brain_Visium_10x	CTATGTGAGTCACGGC-1	45	17	6876	2650	27199.0	6726	9.434170373910804	0
Mouse_Brain_Visium_10x	CTATTCATGTGTCCCA-1	52	62	7714	5747	24740.0	6233	13.4357316087308	8
Mouse_Brain_Visium_10x	CTATTGTGTTTGGTCA-1	13	101	3044	8431	22885.0	6117	13.052217609788071	5
Mouse_Brain_Visium_10x	CTATTTGCTTGGAGGA-1	70	64	9870	5885	27086.0	6222	20.449678800856532	10
Mouse_Brain_Visium_10x	CTATTTGGTTACGGAT-1	36	82	5798	7124	24779.0	6011	13.765688688001937	4
Mouse_Brain_Visium_10x	CTCAACTAACCCGGAT-1	63	85	9031	7330	45447.0	8063	13.219794485884655	11
Mouse_Brain_Visium_10x	CTCAAGACATTAGCGC-1	14	102	3163	8500	33454.0	7176	10.698272254438931	5
Mouse_Brain_Visium_10x	CTCACATTTACTAAAT-1	62	68	8912	6160	22218.0	5516	17.283283823926546	10
Mouse_Brain_Visium_10x	CTCACTGTGATACTTA-1	63	75	9031	6642	32536.0	7139	11.359724612736661	10
Mouse_Brain_Visium_10x	CTCACTTGGCTGGTAA-1	40	26	6277	3270	27651.0	6204	17.254348848142925	14
Mouse_Brain_Visium_10x	CTCAGATTGTGATAAG-1	43	5	6636	1824	28609.0	6875	6.662239155510504	0
Mouse_Brain_Visium_10x	CTCAGTCACGACAAAT-1	24	96	4361	8087	25987.0	6194	11.890560664947857	6
Mouse_Brain_Visium_10x	CTCATAAATGTGTATA-1	74	106	10349	8776	28908.0	6813	14.909367649093678	7
Mouse_Brain_Visium_10x	CTCATGGTAATTTGCG-1	50	26	7475	3270	23714.0	6394	10.656152483764865	9
Mouse_Brain_Visium_10x	CTCATTGCTCTAACAA-1	60	78	8672	6849	25292.0	5923	16.653487268701568	11
Mouse_Brain_Visium_10x	CTCATTTGATGGGCGG-1	22	62	4121	5747	24609.0	6060	15.071721727823153	3
Mouse_Brain_Visium_10x	CTCCCTCCTTTCGATC-1	51	23	7594	3063	23714.0	6637	6.338028169014084	9
Mouse_Brain_Visium_10x	CTCCGCCCACATGAGG-1	43	39	6636	4164	35741.0	7086	13.26487787135223	9
Mouse_Brain_Visium_10x	CTCCGGCCTAATATGC-1	19	59	3762	5541	15243.0	4060	24.02414222921997	3
Mouse_Brain_Visium_10x	CTCCTCCAGCTCACAC-1	62	50	8912	4922	15714.0	3919	29.985999745449917	8
Mouse_Brain_Visium_10x	CTCCTTTACGCAAGTC-1	23	109	4241	8982	20451.0	5739	11.246393819373136	5
Mouse_Brain_Visium_10x	CTCGAGACATACGATA-1	55	7	8073	1962	12131.0	4211	18.918473332783776	0
Mouse_Brain_Visium_10x	CTCGAGGTCGAACAGT-1	29	59	4960	5541	35470.0	6865	16.00225542712151	12
Mouse_Brain_Visium_10x	CTCGATATTTGCGAGC-1	23	99	4241	8294	21311.0	5693	12.280043170193796	6
Mouse_Brain_Visium_10x	CTCGCACCTATATAGT-1	24	68	4361	6160	28845.0	6386	13.74588316866008	3
Mouse_Brain_Visium_10x	CTCGCATTGCATAGCC-1	60	12	8672	2306	19522.0	5794	14.096916299559473	0
Mouse_Brain_Visium_10x	CTCGCCGAATGTAGGG-1	60	64	8672	5885	30764.0	6649	12.495124171109088	10
Mouse_Brain_Visium_10x	CTCGCTAGGTAAGCGA-1	72	96	10109	8088	37025.0	7375	10.414584740040512	7
Mouse_Brain_Visium_10x	CTCGGTACCACTGCTC-1	41	81	6397	7055	23243.0	5762	14.533407907757173	4
Mouse_Brain_Visium_10x	CTCGGTTGTCGGCCCT-1	56	26	8193	3270	23056.0	6066	10.383414295628036	9
Mouse_Brain_Visium_10x	CTCGTCGAGGGCTCAT-1	60	18	8672	2719	21991.0	6144	13.078077395298077	0
Mouse_Brain_Visium_10x	CTCGTCTGTGCCTTCG-1	70	82	9870	7124	47779.0	8165	9.772075598066095	10
Mouse_Brain_Visium_10x	CTCGTTTCTAATGTTT-1	22	104	4121	8638	24348.0	6198	10.703137834729752	5
Mouse_Brain_Visium_10x	CTCTAATGCATTGATC-1	24	110	4361	9051	6353.0	2915	8.090665827168268	5
Mouse_Brain_Visium_10x	CTCTACACTGGCGATT-1	43	17	6636	2650	24775.0	6566	10.938446014127145	0
Mouse_Brain_Visium_10x	CTCTAGCCCTCGGAAA-1	66	90	9391	7675	36056.0	7298	11.837142223208343	11
Mouse_Brain_Visium_10x	CTCTATTTGGCTGCAG-1	48	68	7235	6160	21685.0	5704	13.64998847129352	4
Mouse_Brain_Visium_10x	CTCTCACAATCGATGA-1	32	70	5319	6298	38037.0	7006	9.480242921366038	3
Mouse_Brain_Visium_10x	CTCTCTAACTGCCTAG-1	57	21	8313	2926	16092.0	4849	20.687298036291324	0
Mouse_Brain_Visium_10x	CTCTGGACGCCTGGTG-1	32	62	5319	5747	35409.0	7086	11.426473495439012	12
Mouse_Brain_Visium_10x	CTCTTCTATTGACTGG-1	46	100	6995	8363	9211.0	3272	14.417544240581915	13
Mouse_Brain_Visium_10x	CTCTTGTCCCGCTTGG-1	54	58	7954	5472	37047.0	7194	10.486679083326585	8
Mouse_Brain_Visium_10x	CTGAAAGAGATCCGAC-1	19	69	3762	6229	25269.0	6105	15.87716173968103	3
Mouse_Brain_Visium_10x	CTGAATCCGAGACCTC-1	47	53	7115	5128	31509.0	6819	12.58687993906503	8
Mouse_Brain_Visium_10x	CTGAATTTATTGCCAG-1	22	106	4121	8776	23861.0	6034	12.048950169733038	5
Mouse_Brain_Visium_10x	CTGACTGCGCAGCTCG-1	31	101	5199	8431	15206.0	4475	9.634354859923715	1
Mouse_Brain_Visium_10x	CTGCAAGCACGTTCCG-1	61	111	8792	9120	31539.0	6616	11.31614826088335	7
Mouse_Brain_Visium_10x	CTGCACAACTACATAT-1	50	76	7475	6711	29751.0	6533	13.418036368525426	4
Mouse_Brain_Visium_10x	CTGCACTCCAGTACAG-1	54	70	7954	6298	23804.0	6013	13.317089564779028	10
Mouse_Brain_Visium_10x	CTGCAGAGAATCAGAG-1	61	101	8792	8432	35959.0	7209	12.628271086515197	7
Mouse_Brain_Visium_10x	CTGCCAAGGTTGGAAG-1	21	77	4002	6780	25144.0	6033	14.01924912503977	3
Mouse_Brain_Visium_10x	CTGCCATGCATCACAT-1	40	62	6277	5747	23885.0	5998	11.982415742097551	12
Mouse_Brain_Visium_10x	CTGCCTTTCTAGTAAA-1	63	93	9031	7881	18359.0	5126	11.160738602320388	11
Mouse_Brain_Visium_10x	CTGCGACCTCGCCGAA-1	71	73	9989	6505	29589.0	6402	18.78738720470445	10
Mouse_Brain_Visium_10x	CTGCGTTACGATATAA-1	16	90	3403	7674	28715.0	6519	14.38272679784085	6
Mouse_Brain_Visium_10x	CTGCTGAGGCCACGAA-1	49	35	7355	3889	29406.0	6700	12.66748282663402	9
Mouse_Brain_Visium_10x	CTGCTTGGCGATAGCT-1	53	75	7834	6642	19311.0	5184	16.125524312567965	4
Mouse_Brain_Visium_10x	CTGCTTTATGTCCGCG-1	20	112	3882	9189	34780.0	7167	12.435307648073605	5
Mouse_Brain_Visium_10x	CTGGAAATGGATGCTT-1	29	53	4960	5128	36526.0	7021	14.800416141926299	2
Mouse_Brain_Visium_10x	CTGGAAGACACGGTGG-1	50	88	7475	7537	22809.0	5620	13.613047481257398	13
Mouse_Brain_Visium_10x	CTGGACGCAGTCCGGC-1	51	13	7594	2375	35268.0	7577	7.060224566178973	0
Mouse_Brain_Visium_10x	CTGGATTTACACTTGA-1	49	55	7355	5266	36553.0	7315	11.487429212376549	8
Mouse_Brain_Visium_10x	CTGGCATCCGAATGAG-1	48	26	7235	3270	21967.0	6113	10.866299449173761	9
Mouse_Brain_Visium_10x	CTGGCGACATAAGTCC-1	17	81	3523	7055	25760.0	6116	17.60481366459627	6
Mouse_Brain_Visium_10x	CTGGCGATTTACATGT-1	73	107	10229	8845	45767.0	8188	8.427469574147311	7
Mouse_Brain_Visium_10x	CTGGCGCACAGGTCTG-1	37	89	5918	7606	25047.0	6131	12.504491555874955	4
Mouse_Brain_Visium_10x	CTGGCTGATTCATCCT-1	44	96	6756	8087	18077.0	5383	12.0373955855507	13
Mouse_Brain_Visium_10x	CTGGCTGGTTGTCAGT-1	54	56	7954	5334	30332.0	6780	13.34564156666227	8
Mouse_Brain_Visium_10x	CTGGGATAAATAATGG-1	38	84	6037	7261	31696.0	6749	14.459237758707724	4
Mouse_Brain_Visium_10x	CTGGGCCTGCTATATC-1	44	30	6756	3545	31308.0	6605	15.50083045866871	14
Mouse_Brain_Visium_10x	CTGGGTAGGCAGTTAA-1	43	79	6636	6917	15578.0	4620	17.364231608678907	4
Mouse_Brain_Visium_10x	CTGGGTTGAGTTAAAG-1	53	11	7834	2237	40686.0	7924	10.22710514673352	0
Mouse_Brain_Visium_10x	CTGGTAAAGACTTACA-1	71	99	9989	8294	60529.0	8920	6.448148821226189	7
Mouse_Brain_Visium_10x	CTGGTAACACATAGAA-1	42	88	6516	7537	19017.0	5302	13.587842456749225	13
Mouse_Brain_Visium_10x	CTGGTAACGAGCTCTT-1	29	97	4960	8156	6298.0	2354	12.480152429342649	6
Mouse_Brain_Visium_10x	CTGGTTTCGAGCAAGA-1	46	88	6995	7537	15928.0	4737	16.02837769964842	13
Mouse_Brain_Visium_10x	CTGTACTTCTTAGCAT-1	39	51	6157	4990	35047.0	7201	10.60005135960282	12
Mouse_Brain_Visium_10x	CTGTAGCCATCTCACT-1	56	46	8193	4646	34372.0	6904	12.597463051320842	8
Mouse_Brain_Visium_10x	CTGTCAAATGGCTCGG-1	23	83	4241	7193	38245.0	7288	13.003006929010327	6
Mouse_Brain_Visium_10x	CTGTGCAGGGTAGGTC-1	42	70	6517	6298	22743.0	5686	15.244250978323	4
Mouse_Brain_Visium_10x	CTGTGGTCGGGAGATA-1	55	89	8073	7606	28564.0	6603	11.535499229799747	11
Mouse_Brain_Visium_10x	CTGTTACCCAATCTAG-1	48	58	7235	5472	19486.0	5338	12.675767217489481	12
Mouse_Brain_Visium_10x	CTGTTCACTGCCTGTG-1	22	56	4121	5334	24114.0	5676	18.79406154101352	3
Mouse_Brain_Visium_10x	CTTAACTTACAGTATA-1	70	112	9870	9189	43667.0	8195	6.6434607369409395	7
Mouse_Brain_Visium_10x	CTTAAGCAGCGAGCCG-1	51	3	7594	1687	36488.0	7830	6.766608199956151	0
Mouse_Brain_Visium_10x	CTTACACGGTATTCCA-1	31	45	5199	4577	28889.0	6294	15.836477552009415	2
Mouse_Brain_Visium_10x	CTTAGCCTTCCACATG-1	22	78	4121	6848	31663.0	6753	11.66029750813252	3
Mouse_Brain_Visium_10x	CTTAGGTATAGACCAG-1	63	15	9031	2513	12198.0	4587	11.977373339891786	0
Mouse_Brain_Visium_10x	CTTAGTAGGCCTACAG-1	32	102	5319	8500	14543.0	4194	9.716014577459946	1
Mouse_Brain_Visium_10x	CTTAGTGTAGTAGCAT-1	61	83	8792	7193	20612.0	5625	15.277508247622745	11
Mouse_Brain_Visium_10x	CTTATGCGCTCAGGGC-1	43	11	6636	2237	30634.0	7176	7.168505582033036	0
Mouse_Brain_Visium_10x	CTTCAACTCCACTTGG-1	59	77	8552	6780	19288.0	5407	13.977602654500206	11
Mouse_Brain_Visium_10x	CTTCAGTGGTCGCCTA-1	54	18	7954	2719	27114.0	6577	8.545400899904108	0
Mouse_Brain_Visium_10x	CTTCAGTTGGACAACG-1	73	91	10229	7743	11508.0	4170	12.278415015641293	7
Mouse_Brain_Visium_10x	CTTCATTGTCAGTGGA-1	36	60	5798	5610	33373.0	6993	9.037245677643604	12
Mouse_Brain_Visium_10x	CTTCCGCTCCGTGAAG-1	56	50	8193	4922	18512.0	4898	20.397579948141743	8
Mouse_Brain_Visium_10x	CTTCGATTGCGCAAGC-1	68	88	9630	7537	44106.0	8139	10.465696277150501	11
Mouse_Brain_Visium_10x	CTTCGGCCAATTGTTT-1	50	110	7474	9051	2412.0	1152	12.14759535655058	1
Mouse_Brain_Visium_10x	CTTCGTAGATAGGTGA-1	39	45	6157	4577	34727.0	7052	11.144066576439082	2
Mouse_Brain_Visium_10x	CTTCTATGTTGAAGTA-1	46	28	6996	3407	13555.0	4321	15.603098487642935	14
Mouse_Brain_Visium_10x	CTTCTATTAATGCTAG-1	51	47	7594	4715	22367.0	5732	15.196494836142532	8
Mouse_Brain_Visium_10x	CTTGAGTTAGGGTAAT-1	39	93	6157	7881	17137.0	4927	14.279045340491333	13
Mouse_Brain_Visium_10x	CTTGATGACCATCCAG-1	70	98	9870	8225	37139.0	7652	8.260857858316056	7
Mouse_Brain_Visium_10x	CTTGCAACCGCCTCCT-1	43	25	6636	3201	19125.0	5021	20.95686274509804	14
Mouse_Brain_Visium_10x	CTTGCCCACCCACGCA-1	70	100	9870	8363	39692.0	7766	10.248916658268667	7
Mouse_Brain_Visium_10x	CTTGCCCAGGCTCTAC-1	45	55	6876	5266	31178.0	6778	11.562640323304894	12
Mouse_Brain_Visium_10x	CTTGGCCAAGCTGGGA-1	61	57	8792	5403	40423.0	7457	11.85216337233753	8
Mouse_Brain_Visium_10x	CTTGTACTTGTTGACT-1	21	51	4002	4990	18757.0	4866	21.83184944287466	2
Mouse_Brain_Visium_10x	CTTGTCAACATTCGAG-1	50	66	7475	6023	5058.0	2167	14.86753657572163	4
Mouse_Brain_Visium_10x	CTTGTGCTCACCGATT-1	22	94	4121	7950	22256.0	5815	12.935837526959023	6
Mouse_Brain_Visium_10x	CTTGTTGCTGAGTCAA-1	38	80	6037	6986	16727.0	4697	15.501883182877982	4
Mouse_Brain_Visium_10x	CTTTAACTTTCAAAGG-1	23	67	4241	6091	32947.0	6602	15.273014234983458	3
Mouse_Brain_Visium_10x	CTTTAATATTGGTCGA-1	51	73	7594	6504	21124.0	5703	13.993561825411854	4
Mouse_Brain_Visium_10x	CTTTACCGAATAGTAG-1	50	84	7475	7262	22919.0	5870	14.385444391116541	11
Mouse_Brain_Visium_10x	CTTTAGGAACACTGTT-1	41	87	6397	7468	8977.0	3177	13.53458839255876	4
Mouse_Brain_Visium_10x	CTTTAGTGCTATTATT-1	44	64	6756	5885	19961.0	5431	15.169580682330544	12
Mouse_Brain_Visium_10x	CTTTCTGTGCGGGCTT-1	54	66	7954	6023	22406.0	5919	12.889404623761491	8
Mouse_Brain_Visium_10x	CTTTGACGTCGCTTCT-1	44	0	6756	1480	36947.0	7704	6.3415162259452735	0
Mouse_Brain_Visium_10x	CTTTGCATCGCTCTTG-1	60	94	8672	7950	20753.0	5929	10.008191586758542	11
Mouse_Brain_Visium_10x	CTTTGGCTTTAGTAAA-1	32	40	5319	4233	31038.0	6592	16.798762806881886	2
Mouse_Brain_Visium_10x	CTTTGTCGAATGCTCC-1	57	7	8313	1962	13372.0	4489	14.014358360753814	0
Mouse_Brain_Visium_10x	GAAACAGATGACCACC-1	40	92	6277	7812	15990.0	4657	13.539712320200126	13
Mouse_Brain_Visium_10x	GAAACATAGGAAACAG-1	60	20	8672	2857	33155.0	7668	11.238123963203137	0
Mouse_Brain_Visium_10x	GAAACCATGGTGCGCT-1	27	109	4720	8982	8707.0	2981	19.570460548983576	5
Mouse_Brain_Visium_10x	GAAACCGAATTACCTT-1	45	51	6876	4990	42271.0	7590	13.919708547230963	8
Mouse_Brain_Visium_10x	GAAACCTATACAAATG-1	60	52	8672	5059	52765.0	8229	8.16260778925424	8
Mouse_Brain_Visium_10x	GAAAGAACAGCGTTAT-1	37	103	5918	8569	24354.0	6411	10.507514166050752	1
Mouse_Brain_Visium_10x	GAAAGCAGTGCACTTT-1	56	54	8193	5197	39573.0	7146	16.43544841179592	8
Mouse_Brain_Visium_10x	GAAAGCCCTTTGGACC-1	35	21	5678	2926	8545.0	2930	22.504388531304855	14
Mouse_Brain_Visium_10x	GAAATATCACCATCAG-1	33	23	5439	3063	8565.0	2901	24.798598949211907	14
Mouse_Brain_Visium_10x	GAAATATGCTTGAATG-1	16	110	3403	9051	34285.0	7232	9.983957999124982	5
Mouse_Brain_Visium_10x	GAAATCGCGCGCAACT-1	18	68	3642	6160	26387.0	5823	18.8160836775685	3
Mouse_Brain_Visium_10x	GAAATGGCGGTGTTAG-1	30	52	5079	5059	38542.0	7245	16.415858025011676	2
Mouse_Brain_Visium_10x	GAAATTAGCACGGATA-1	18	96	3642	8087	28813.0	6737	11.40457432408982	6
Mouse_Brain_Visium_10x	GAAATTGTCTCTATAA-1	43	53	6636	5128	44808.0	7992	10.703445813247635	12
Mouse_Brain_Visium_10x	GAACAACTGGGATGAA-1	67	85	9510	7330	48722.0	8260	11.889905997290752	11
Mouse_Brain_Visium_10x	GAACACACATCAACCA-1	22	50	4121	4921	35874.0	6851	18.6513909795395	2
Mouse_Brain_Visium_10x	GAACAGATTACTAAAT-1	57	71	8313	6367	35665.0	7326	13.366045142296368	10
Mouse_Brain_Visium_10x	GAACCCTCTGTGTTCT-1	59	67	8552	6092	26666.0	6233	12.401560039000975	10
Mouse_Brain_Visium_10x	GAACCTCGACCTACAC-1	41	9	6397	2100	33808.0	7025	16.176644581164222	0
Mouse_Brain_Visium_10x	GAACCTTTAACGATCC-1	63	79	9031	6917	29519.0	6669	16.11843219621261	10
Mouse_Brain_Visium_10x	GAACGACCGAATGATA-1	19	63	3762	5816	27201.0	6138	18.61696261166869	3
Mouse_Brain_Visium_10x	GAACGCGGGTCACACG-1	48	114	7235	9326	21171.0	5693	14.208114874120259	1
Mouse_Brain_Visium_10x	GAACGTCTCATGGTCG-1	31	87	5199	7468	22365.0	5124	9.005141962888443	4
Mouse_Brain_Visium_10x	GAAGAAACGATATTGT-1	59	29	8552	3476	28359.0	6884	15.518882894319264	9
Mouse_Brain_Visium_10x	GAAGCCACTGATTATG-1	65	69	9271	6229	30094.0	6637	13.89313484415498	10
Mouse_Brain_Visium_10x	GAAGCCTGCACATTCC-1	61	61	8792	5679	29339.0	6299	16.060533760523533	10
Mouse_Brain_Visium_10x	GAAGCGTGAGGAATTT-1	34	60	5558	5610	35635.0	7166	11.090220289041673	12
Mouse_Brain_Visium_10x	GAAGCTCGGACCCGTC-1	55	21	8073	2926	36424.0	7413	10.589171974522294	9
Mouse_Brain_Visium_10x	GAAGCTTGCTGACCGC-1	29	35	4960	3889	23716.0	5633	20.1045707539214	2
Mouse_Brain_Visium_10x	GAAGGAGTCGAGTGCG-1	66	60	9391	5610	25563.0	6065	19.105738763055978	10
Mouse_Brain_Visium_10x	GAAGTCAGTTGCACTA-1	52	58	7714	5472	43464.0	7915	8.291919749677893	8
Mouse_Brain_Visium_10x	GAAGTCTCCCTAGCGA-1	37	91	5918	7743	18575.0	5263	13.426648721399731	4
Mouse_Brain_Visium_10x	GAAGTGATTTATCGTG-1	39	47	6157	4715	42906.0	7783	11.056728662657903	2
Mouse_Brain_Visium_10x	GAAGTTTCCACTCAAT-1	36	46	5798	4646	38904.0	7191	14.1733497840839	2
Mouse_Brain_Visium_10x	GAATAGACGCGACCCA-1	42	92	6516	7812	23717.0	5920	15.06092676139478	13
Mouse_Brain_Visium_10x	GAATAGCCCTGCGGTC-1	18	110	3642	9051	36491.0	7289	11.945411197281523	5
Mouse_Brain_Visium_10x	GAATCGACATGGTCAC-1	26	42	4600	4371	29913.0	6202	21.569217397118308	2
Mouse_Brain_Visium_10x	GAATCTGAACATTCTC-1	42	64	6517	5885	31814.0	6863	13.402904381718741	12
Mouse_Brain_Visium_10x	GAATGCGAATCGGTTC-1	63	69	9031	6229	29003.0	6449	15.653553080715788	10
Mouse_Brain_Visium_10x	GAATGGGCTTATCGAC-1	40	6	6277	1893	23961.0	6187	16.77726305246025	0
Mouse_Brain_Visium_10x	GAATGTATGGCAGGTC-1	15	91	3283	7743	21976.0	5850	14.952675646159447	6
Mouse_Brain_Visium_10x	GAATGTGGTCCGGATT-1	43	81	6636	7055	15962.0	4679	14.847763438165643	4
Mouse_Brain_Visium_10x	GAATGTTGGGTAATCT-1	23	69	4241	6229	34833.0	7176	11.66709729279706	3
Mouse_Brain_Visium_10x	GAATTATAGTGAAAGG-1	34	68	5558	6160	33868.0	7019	9.159088224873036	3
Mouse_Brain_Visium_10x	GAATTCACCCGGGTGT-1	47	55	7115	5266	51462.0	8075	10.450429443084218	12
Mouse_Brain_Visium_10x	GAATTTCTCGCTGCAG-1	28	30	4840	3545	10809.0	3122	29.493940234989363	2
Mouse_Brain_Visium_10x	GACAAACATATGCAGG-1	44	100	6756	8363	7142.0	2339	12.41949033884066	1
Mouse_Brain_Visium_10x	GACAACGACCATTGAA-1	25	77	4481	6780	35993.0	6914	13.999944433639874	3
Mouse_Brain_Visium_10x	GACAACGCAGCTTACG-1	20	54	3882	5197	16573.0	4567	24.648524708863814	3
Mouse_Brain_Visium_10x	GACACAAGGGAAGAAA-1	30	72	5079	6436	43564.0	7693	10.667064548709943	3
Mouse_Brain_Visium_10x	GACACAGCCGGGACTG-1	72	100	10109	8363	54216.0	8610	5.848826914563967	7
Mouse_Brain_Visium_10x	GACACTGAGTTCAGTG-1	44	46	6756	4646	38508.0	7442	12.168899968837644	8
Mouse_Brain_Visium_10x	GACACTGGAACCCGAT-1	52	110	7714	9051	3220.0	1371	11.459627329192546	1
Mouse_Brain_Visium_10x	GACACTTCCAATTACC-1	70	96	9870	8088	50884.0	8463	6.039226475905982	7
Mouse_Brain_Visium_10x	GACAGATTTCTGGCTC-1	44	8	6756	2031	30101.0	7103	7.0097338958838575	0
Mouse_Brain_Visium_10x	GACAGCCAGACCTGAC-1	42	86	6516	7399	22852.0	5829	14.125678277612463	4
Mouse_Brain_Visium_10x	GACAGGCACACACTAT-1	38	22	6038	2994	15436.0	4225	24.488209380668565	14
Mouse_Brain_Visium_10x	GACATCCGTCGAACTG-1	65	71	9271	6367	29801.0	6495	14.489446662863662	10
Mouse_Brain_Visium_10x	GACATCGATTTATAAC-1	52	50	7714	4922	29473.0	6573	17.24629321752112	8
Mouse_Brain_Visium_10x	GACCAAACGTTGACTG-1	58	108	8432	8913	22504.0	5612	14.188588695343048	7
Mouse_Brain_Visium_10x	GACCACACTTCCCTTT-1	70	80	9870	6986	49439.0	8375	10.147858977730131	10
Mouse_Brain_Visium_10x	GACCAGAGCCCTGTAG-1	31	47	5199	4715	37155.0	6854	17.62077782263491	2
Mouse_Brain_Visium_10x	GACCCAATTATGATAC-1	54	20	7954	2857	31779.0	7357	5.503634475597092	9
Mouse_Brain_Visium_10x	GACCGACGTGAAAGCA-1	38	112	6037	9189	1801.0	958	10.161021654636313	1
Mouse_Brain_Visium_10x	GACCGACTGAAGCGTC-1	34	22	5559	2994	8216.0	2680	28.152385589094447	14
Mouse_Brain_Visium_10x	GACCGCGTCTGACGTG-1	50	112	7474	9189	7448.0	2912	15.024167561761548	1
Mouse_Brain_Visium_10x	GACCGTGCTGACGGTG-1	40	52	6277	5059	39321.0	7365	10.668599476106914	12
Mouse_Brain_Visium_10x	GACCGTTACATGCGAC-1	38	6	6038	1893	12121.0	4607	13.414734757858263	0
Mouse_Brain_Visium_10x	GACCTTCCACGTCTAC-1	66	74	9391	6573	27611.0	6439	12.056788960921372	10
Mouse_Brain_Visium_10x	GACGACGATCCGCGTT-1	52	70	7714	6298	28457.0	6586	12.376568155462628	4
Mouse_Brain_Visium_10x	GACGAGGCTAATAAAC-1	56	100	8193	8363	17318.0	4902	14.147130153597413	13
Mouse_Brain_Visium_10x	GACGCATACCCGTCGG-1	64	6	9151	1893	11616.0	4445	13.343663911845729	0
Mouse_Brain_Visium_10x	GACGCCGTAAAGGCTA-1	54	54	7954	5197	41111.0	7483	14.806256233124953	8
Mouse_Brain_Visium_10x	GACGCTTGCTTCTAAA-1	38	36	6038	3958	42053.0	7375	14.05131619622857	14
Mouse_Brain_Visium_10x	GACGGGTTGGCCCGTA-1	61	51	8792	4990	24431.0	5367	25.144283901600428	8
Mouse_Brain_Visium_10x	GACGGTCAATAGAAGC-1	30	100	5079	8363	12297.0	4257	10.197609172969017	1
Mouse_Brain_Visium_10x	GACGTGTAGGGATTAT-1	28	32	4840	3683	1918.0	1020	27.476538060479665	2
Mouse_Brain_Visium_10x	GACTAAGATCATGCAC-1	23	53	4241	5128	25092.0	5712	20.20564323290292	2
Mouse_Brain_Visium_10x	GACTAAGTAGGCTCAC-1	27	43	4720	4440	23977.0	5602	20.70734453851608	2
Mouse_Brain_Visium_10x	GACTACAAAGCGGTGG-1	49	21	7355	2926	23552.0	6297	11.281419836956522	0
Mouse_Brain_Visium_10x	GACTAGGCCGTTAGGT-1	66	78	9391	6849	32217.0	6889	11.45978831051929	10
Mouse_Brain_Visium_10x	GACTCACCCACGTGAG-1	38	106	6037	8776	6240.0	2285	11.650641025641026	1
Mouse_Brain_Visium_10x	GACTCCCAGAATAAGG-1	27	111	4720	9120	19188.0	4925	22.529706066291432	5
Mouse_Brain_Visium_10x	GACTCCTTCCAATTGA-1	56	10	8193	2169	18309.0	5118	20.290567480474085	0
Mouse_Brain_Visium_10x	GACTCGCGGGAATGAC-1	28	96	4840	8087	16024.0	4790	11.183225162256614	6
Mouse_Brain_Visium_10x	GACTGCAAATCGAGCT-1	59	75	8552	6642	28718.0	6569	13.53158297931611	10
Mouse_Brain_Visium_10x	GACTGCACCAGCCCAG-1	46	80	6996	6986	22323.0	5496	19.24920485597814	4
Mouse_Brain_Visium_10x	GAGAACGGTTCTGACT-1	67	103	9510	8569	37751.0	7626	8.203756191888957	7
Mouse_Brain_Visium_10x	GAGACCCTGCAACGCC-1	11	111	2804	9120	31069.0	6714	16.473011683671825	5
Mouse_Brain_Visium_10x	GAGACTGATGGGTAGA-1	28	56	4840	5334	36264.0	7276	14.535076108537393	2
Mouse_Brain_Visium_10x	GAGACTTCGCGACCGA-1	53	57	7834	5403	45866.0	7813	10.125147167836742	8
Mouse_Brain_Visium_10x	GAGAGGGCGCGAGGTT-1	38	40	6038	4233	41444.0	7466	15.563169578226042	2
Mouse_Brain_Visium_10x	GAGAGGTGCATTCTGG-1	44	28	6756	3407	34118.0	6906	14.50553959786623	14
Mouse_Brain_Visium_10x	GAGATCTGCTTGGCAT-1	34	44	5559	4508	35518.0	6873	14.876963793006363	2
Mouse_Brain_Visium_10x	GAGATCTGTCACTCCG-1	30	74	5079	6573	28845.0	6313	13.135725429017162	3
Mouse_Brain_Visium_10x	GAGATCTTCCATGACA-1	45	77	6876	6780	18678.0	5099	16.115215761858874	4
Mouse_Brain_Visium_10x	GAGATGGCTTTAATCA-1	70	76	9870	6711	45186.0	8084	9.753020847165052	10
Mouse_Brain_Visium_10x	GAGATGGGAGTCGACA-1	52	72	7714	6436	28822.0	6525	14.214835889251267	4
Mouse_Brain_Visium_10x	GAGCACCTGTGTCCAG-1	58	80	8433	6986	23042.0	5899	14.994358128634666	11
Mouse_Brain_Visium_10x	GAGCCAGCTACCTGTG-1	53	89	7834	7606	16361.0	4732	18.330175417150542	11
Mouse_Brain_Visium_10x	GAGCCGAGCGTTTATT-1	13	107	3044	8844	30443.0	6959	10.531156587721316	5
Mouse_Brain_Visium_10x	GAGCGCAAATACTCCG-1	51	107	7594	8845	7717.0	2717	10.936892574834781	1
Mouse_Brain_Visium_10x	GAGCGCGCACGAGTAG-1	49	93	7355	7881	10832.0	3781	14.272525849335302	13
Mouse_Brain_Visium_10x	GAGCGCTGTTAGGTAA-1	61	23	8792	3063	19389.0	5885	15.457218010211976	0
Mouse_Brain_Visium_10x	GAGCTAAGGGCATATC-1	29	83	4960	7193	26386.0	6279	9.679375426362464	4
Mouse_Brain_Visium_10x	GAGCTGTCGTCTCGGA-1	20	108	3882	8913	33884.0	7081	12.88513752803683	5
Mouse_Brain_Visium_10x	GAGGAATGGAGAGGTT-1	27	31	4720	3614	12156.0	3596	27.25403093122738	2
Mouse_Brain_Visium_10x	GAGGATAAACAGTGCT-1	40	114	6277	9326	23088.0	5573	15.90003465003465	1
Mouse_Brain_Visium_10x	GAGGCCCGACTCCGCA-1	55	23	8073	3063	30266.0	7022	7.823960880195599	9
Mouse_Brain_Visium_10x	GAGGCCTGTTGATACA-1	63	107	9031	8845	43348.0	7812	9.548306726953953	7
Mouse_Brain_Visium_10x	GAGGCTATCAAAGTCG-1	35	27	5678	3338	32691.0	6551	20.149276559297665	14
Mouse_Brain_Visium_10x	GAGGGCGCAGCTCTGC-1	27	89	4720	7606	24907.0	6224	10.812221463845505	6
Mouse_Brain_Visium_10x	GAGGTACGCGTGTCCC-1	67	67	9510	6092	51699.0	8203	9.195535697015417	10
Mouse_Brain_Visium_10x	GAGTAAGGCCACGGGA-1	48	14	7235	2444	36323.0	8106	4.977562426011067	0
Mouse_Brain_Visium_10x	GAGTAGATACTAGTTG-1	62	64	8912	5885	27522.0	6277	15.703800595886927	10
Mouse_Brain_Visium_10x	GAGTATGCCCGCCTTG-1	49	43	7355	4440	30097.0	6608	13.885104827723694	9
Mouse_Brain_Visium_10x	GAGTATGCGCGTGCAT-1	63	71	9031	6367	23472.0	5231	18.94171779141104	10
Mouse_Brain_Visium_10x	GAGTCAGACCAGAATC-1	56	48	8193	4784	39808.0	7379	14.205687299035368	8
Mouse_Brain_Visium_10x	GAGTCCGCTTACCGGA-1	46	58	6996	5472	19551.0	5152	14.848345353178866	12
Mouse_Brain_Visium_10x	GAGTCTTGTAAAGGAC-1	47	1	7115	1549	44464.0	8390	6.463655991363799	0
Mouse_Brain_Visium_10x	GAGTGTCAACCAGAAA-1	63	83	9031	7193	42711.0	7813	13.415747699655824	11
Mouse_Brain_Visium_10x	GAGTGTGCGGTACCCA-1	44	88	6756	7537	20741.0	5500	16.011764138662553	13
Mouse_Brain_Visium_10x	GAGTTCTGTGGGTGCT-1	59	3	8553	1687	10783.0	4126	12.770101085041269	0
Mouse_Brain_Visium_10x	GAGTTGATGGCAATTT-1	51	19	7594	2788	27433.0	6865	7.647723544636022	0
Mouse_Brain_Visium_10x	GATAACTCGCACTGTG-1	39	89	6157	7606	17647.0	5312	12.05304017680059	4
Mouse_Brain_Visium_10x	GATACGATGGGAGTCA-1	45	45	6876	4577	32568.0	6782	13.550110537951362	9
Mouse_Brain_Visium_10x	GATAGATAGTACAGTC-1	73	97	10229	8156	39111.0	7513	14.39237043287055	7
Mouse_Brain_Visium_10x	GATAGGTAACGTTGAC-1	48	60	7235	5610	33247.0	7139	11.399524769152105	12
Mouse_Brain_Visium_10x	GATATCAAGCAGGAGC-1	55	3	8073	1687	13035.0	4711	10.901419255849635	0
Mouse_Brain_Visium_10x	GATATGAGACACTAAC-1	39	81	6157	7055	29021.0	6614	13.965748940422454	4
Mouse_Brain_Visium_10x	GATATGCGGTAGCCAA-1	19	91	3762	7743	30928.0	6883	10.472710812209002	6
Mouse_Brain_Visium_10x	GATATTGAGATTGGCG-1	34	100	5558	8363	16835.0	5130	11.351351351351353	1
Mouse_Brain_Visium_10x	GATATTTCCTACATGG-1	17	89	3523	7606	27466.0	6423	12.335250855603292	6
Mouse_Brain_Visium_10x	GATCATTCCAAACATT-1	30	56	5079	5334	47911.0	7634	14.942288827200434	2
Mouse_Brain_Visium_10x	GATCCCTTTATACTGC-1	28	60	4840	5610	31316.0	6440	16.981734576574276	12
Mouse_Brain_Visium_10x	GATCCGGGAATTAACA-1	39	73	6157	6504	26450.0	6052	13.875236294896029	4
Mouse_Brain_Visium_10x	GATCCTAAATCGGGAC-1	27	95	4720	8019	21223.0	5505	10.483908966687085	6
Mouse_Brain_Visium_10x	GATCCTCGACACTGGC-1	50	32	7475	3683	15355.0	5049	11.006186909801368	9
Mouse_Brain_Visium_10x	GATCGACACTATCTGA-1	27	47	4720	4715	27079.0	6036	19.32863104250526	2
Mouse_Brain_Visium_10x	GATCGCGGGCTCTCCA-1	36	52	5798	5059	39432.0	7425	11.556603773584905	12
Mouse_Brain_Visium_10x	GATCGCTACCCGATTT-1	50	98	7474	8225	10428.0	3637	13.55005753739931	13
Mouse_Brain_Visium_10x	GATCGCTATATCTCAG-1	61	25	8792	3201	18238.0	5750	10.066893299703915	0
Mouse_Brain_Visium_10x	GATCGGATAGAACCAT-1	41	13	6397	2375	38148.0	7459	14.066268218517353	0
Mouse_Brain_Visium_10x	GATCGGTGGCCATAAC-1	28	68	4840	6160	43495.0	7508	14.022301413955626	3
Mouse_Brain_Visium_10x	GATCGTGACTGATATC-1	38	72	6037	6436	12670.0	3992	14.285714285714285	3
Mouse_Brain_Visium_10x	GATCTAACCGTATTCA-1	52	6	7714	1893	33736.0	7325	6.429333649513873	0
Mouse_Brain_Visium_10x	GATCTGCTATCTAAGG-1	62	56	8912	5335	35539.0	7381	4.763780635358339	8
Mouse_Brain_Visium_10x	GATCTTGGAGGGCATA-1	44	70	6756	6298	19699.0	5054	13.30016752119397	4
Mouse_Brain_Visium_10x	GATCTTTGCAGGGTAT-1	36	38	5798	4096	30583.0	6519	15.400712814308603	2
Mouse_Brain_Visium_10x	GATGACAAGTAGGGCA-1	57	33	8313	3752	9649.0	3413	19.079697377966628	9
Mouse_Brain_Visium_10x	GATGACGATGATCGCG-1	19	113	3762	9257	47152.0	8022	10.642178486596539	5
Mouse_Brain_Visium_10x	GATGAGGAACCTTCGG-1	67	81	9510	7055	37053.0	7318	10.617223976466143	10
Mouse_Brain_Visium_10x	GATGCCTTCTGCGGCA-1	58	14	8433	2444	32088.0	7333	11.864248317127899	0
Mouse_Brain_Visium_10x	GATGCGTCCTGCATTC-1	37	57	5918	5403	36073.0	7197	9.40038255759155	12
Mouse_Brain_Visium_10x	GATGCTGTATTTCATC-1	43	75	6636	6642	11372.0	3774	15.327119240239185	4
Mouse_Brain_Visium_10x	GATGTAACGAACCACC-1	51	21	7594	2926	30594.0	7116	8.452637772112178	0
Mouse_Brain_Visium_10x	GATGTTCAATCCACGA-1	41	43	6397	4440	37347.0	7218	12.76675502717755	2
Mouse_Brain_Visium_10x	GATTAACCGAAAGCCC-1	55	93	8073	7881	29873.0	6684	11.050112141398587	13
Mouse_Brain_Visium_10x	GATTACTGAATTTGGG-1	41	39	6397	4164	31666.0	6762	13.831870144634623	9
Mouse_Brain_Visium_10x	GATTCCCTTGTCGCAG-1	25	67	4481	6091	32295.0	6805	14.256076792073078	3
Mouse_Brain_Visium_10x	GATTCCGCGTTTCCGT-1	16	76	3403	6711	12678.0	3821	22.755955197980754	6
Mouse_Brain_Visium_10x	GATTCGACGGTTCACG-1	41	71	6397	6367	14462.0	4327	16.000553173834877	4
Mouse_Brain_Visium_10x	GATTGGGAAAGGTTGT-1	66	80	9391	6986	37777.0	7356	13.325568467586097	10
Mouse_Brain_Visium_10x	GCAAACCCTACATTAT-1	48	82	7235	7124	12255.0	3972	15.76499388004896	11
Mouse_Brain_Visium_10x	GCAAACCTTGGCCATA-1	57	67	8313	6092	41293.0	7664	13.210471508488123	10
Mouse_Brain_Visium_10x	GCAAATATTACGCTTT-1	35	41	5678	4302	42242.0	7539	15.396998248189005	2
Mouse_Brain_Visium_10x	GCAAATGAGGACACTT-1	41	5	6397	1824	28853.0	6332	21.640730599937616	0
Mouse_Brain_Visium_10x	GCAACACACTAGAACT-1	46	16	6996	2581	36735.0	7809	9.356199809446032	0
Mouse_Brain_Visium_10x	GCAACAGCAGTATGCG-1	46	106	6995	8776	10700.0	3693	12.448598130841122	1
Mouse_Brain_Visium_10x	GCAACCACCAGACCGG-1	14	92	3163	7812	29272.0	6623	13.620524733533754	6
Mouse_Brain_Visium_10x	GCAACCACGGCCGCGT-1	43	29	6636	3476	40064.0	7447	14.571685303514375	14
Mouse_Brain_Visium_10x	GCAACGGCTAGTTATG-1	43	113	6636	9257	13956.0	4448	10.948695901404413	1
Mouse_Brain_Visium_10x	GCAAGAATTCCTTGGC-1	44	36	6756	3958	36719.0	7108	13.630545494158339	9
Mouse_Brain_Visium_10x	GCAAGATGTGTTCGCG-1	11	105	2804	8707	18788.0	5108	19.634873323397915	5
Mouse_Brain_Visium_10x	GCAAGCTGGAAACCGC-1	54	2	7954	1618	19599.0	5720	12.163885912546558	0
Mouse_Brain_Visium_10x	GCAAGTGCACAGAGAA-1	24	42	4361	4371	28242.0	5854	24.44231994901211	2
Mouse_Brain_Visium_10x	GCACAAACGAGGCGTG-1	46	114	6995	9326	24186.0	6068	10.733482179773421	1
Mouse_Brain_Visium_10x	GCACAACCTCGGGCGT-1	58	10	8433	2169	34420.0	7339	10.354445090063916	0
Mouse_Brain_Visium_10x	GCACACACTGGTAGCC-1	56	94	8193	7950	6355.0	2543	14.303697875688433	13
Mouse_Brain_Visium_10x	GCACCTAGGCGAGTCC-1	73	103	10229	8569	48978.0	8427	7.476826330189064	7
Mouse_Brain_Visium_10x	GCACGCCGATTCCCGC-1	72	76	10109	6711	28031.0	6062	24.262423745139312	10
Mouse_Brain_Visium_10x	GCACGCCTACTTAGAT-1	55	39	8073	4164	15312.0	4468	20.96394984326019	9
Mouse_Brain_Visium_10x	GCACGTGGTTTACTTA-1	64	106	9151	8776	32786.0	7204	9.174647715488318	7
Mouse_Brain_Visium_10x	GCACTGCCTACCTTTA-1	66	68	9391	6160	31535.0	6725	14.149357856350086	10
Mouse_Brain_Visium_10x	GCAGACCCAGCACGTA-1	39	103	6157	8569	26821.0	6939	7.016889750568585	1
Mouse_Brain_Visium_10x	GCAGATCCATAAGACT-1	51	85	7594	7330	20415.0	5330	18.378643154543227	11
Mouse_Brain_Visium_10x	GCAGATTAGGGATATC-1	37	61	5918	5679	20505.0	5460	11.016825164594001	12
Mouse_Brain_Visium_10x	GCAGCACACAGCCCAG-1	38	42	6038	4371	39559.0	7256	15.687959756313354	2
Mouse_Brain_Visium_10x	GCAGCCTATATCACAT-1	35	113	5678	9257	2252.0	1078	12.122557726465365	5
Mouse_Brain_Visium_10x	GCAGCTATGGACAGGT-1	13	113	3044	9257	37894.0	7553	10.450203198395524	5
Mouse_Brain_Visium_10x	GCAGCTGTCAACGCAT-1	71	87	9989	7468	36242.0	7240	16.406379338888584	11
Mouse_Brain_Visium_10x	GCAGGAACTTAGATCT-1	53	15	7834	2513	32935.0	7368	4.97039623500835	0
Mouse_Brain_Visium_10x	GCAGGACTATAGAATA-1	35	37	5678	4027	35392.0	6913	15.531758589511755	2
Mouse_Brain_Visium_10x	GCAGGTAGAGTATGGT-1	18	94	3642	7950	27106.0	6525	11.255810521655722	6
Mouse_Brain_Visium_10x	GCAGTGTGGCTATAGG-1	59	83	8552	7193	25075.0	6373	13.479561316051845	11
Mouse_Brain_Visium_10x	GCATAGAGCACTCAGG-1	37	59	5918	5541	34654.0	7224	8.61949558492526	12
Mouse_Brain_Visium_10x	GCATCGGCCGTGTAGG-1	49	103	7355	8569	746.0	440	13.53887399463807	13
Mouse_Brain_Visium_10x	GCATGAGGGACGCGGC-1	30	90	5079	7674	12150.0	3585	12.312757201646091	6
Mouse_Brain_Visium_10x	GCATGCTAATAACGAT-1	67	95	9510	8019	48406.0	8393	8.856340123125232	7
Mouse_Brain_Visium_10x	GCATGGGTACTGACGC-1	41	3	6397	1687	25433.0	5991	21.54680926355522	0
Mouse_Brain_Visium_10x	GCATTCAAGGCAACGC-1	28	108	4840	8913	8634.0	2971	15.079916608756081	5
Mouse_Brain_Visium_10x	GCATTGACTTGCGGAA-1	50	4	7475	1756	30038.0	7365	6.4618150342899	0
Mouse_Brain_Visium_10x	GCATTGTAATTCATAT-1	41	21	6397	2926	13634.0	4505	15.101951004840839	14
Mouse_Brain_Visium_10x	GCATTTCCAAGGCTCC-1	33	111	5439	9120	22705.0	5621	14.014534243558687	5
Mouse_Brain_Visium_10x	GCCAACCATTTCCGGA-1	26	106	4600	8776	3549.0	1602	8.65032403493942	5
Mouse_Brain_Visium_10x	GCCAAGAATACTTCTG-1	46	10	6996	2169	39507.0	8133	6.570987419950895	0
Mouse_Brain_Visium_10x	GCCAATAGGGCATCTC-1	25	103	4481	8569	14123.0	4502	11.838844438150534	5
Mouse_Brain_Visium_10x	GCCACAATTTAAGGAC-1	45	39	6876	4164	38383.0	7229	12.04960529401037	9
Mouse_Brain_Visium_10x	GCCACTCAGAGCGCGA-1	59	95	8552	8019	29756.0	7038	9.601424922704664	11
Mouse_Brain_Visium_10x	GCCAGGAGTAACCGAT-1	21	89	4002	7606	27120.0	6289	13.432890855457227	6
Mouse_Brain_Visium_10x	GCCATATTGCACACAG-1	22	90	4121	7674	25542.0	5941	13.765562602771904	6
Mouse_Brain_Visium_10x	GCCATCGAGCTGCGTG-1	53	47	7834	4715	19979.0	4964	25.36663496671505	8
Mouse_Brain_Visium_10x	GCCATCGATGCTGCAT-1	32	110	5319	9051	29383.0	6384	12.60252526971378	5
Mouse_Brain_Visium_10x	GCCATTAGCCTCAAAC-1	55	13	8073	2375	25664.0	6283	19.98519326683292	0
Mouse_Brain_Visium_10x	GCCCGACTTCTTCCCG-1	49	25	7355	3201	27166.0	6758	9.246852683501436	9
Mouse_Brain_Visium_10x	GCCCGAGAGTCTAAAT-1	62	10	8912	2169	19670.0	6064	10.457549567869853	0
Mouse_Brain_Visium_10x	GCCCGATCTGTGGTCG-1	53	63	7834	5816	17943.0	5222	13.643203477679316	8
Mouse_Brain_Visium_10x	GCCCGCGCGTAAACGG-1	49	41	7355	4302	40807.0	7541	13.80400421496312	9
Mouse_Brain_Visium_10x	GCCCGTAATACCTTCT-1	27	79	4720	6917	27865.0	6308	12.359590884622286	3
Mouse_Brain_Visium_10x	GCCCTAGCCGTCGCGA-1	54	16	7954	2581	27877.0	6617	12.695053269720557	0
Mouse_Brain_Visium_10x	GCCCTGAGGATGGGCT-1	68	74	9630	6573	27323.0	6183	19.013285510375873	10
Mouse_Brain_Visium_10x	GCCGAAATTCCTACGT-1	35	45	5678	4577	41722.0	7327	16.207276736493938	2
Mouse_Brain_Visium_10x	GCCGATTGGCCAAGCT-1	41	61	6397	5679	25611.0	6196	14.673382530943735	12
Mouse_Brain_Visium_10x	GCCGCTTGTGAGAAAC-1	36	40	5798	4233	44175.0	7559	16.7741935483871	2
Mouse_Brain_Visium_10x	GCCGGGTTAGGGTCGC-1	41	59	6397	5541	17081.0	5060	12.37632457116094	12
Mouse_Brain_Visium_10x	GCCGTGGAAGAAATGT-1	39	115	6157	9395	17238.0	5186	10.221603434273117	1
Mouse_Brain_Visium_10x	GCCTACGTTCTGTGCA-1	68	82	9630	7124	34282.0	7094	15.67586488536258	10
Mouse_Brain_Visium_10x	GCCTATAGTGTCAGGG-1	29	91	4960	7743	19121.0	5261	10.663668218189425	6
Mouse_Brain_Visium_10x	GCCTATGCTGGGCCTT-1	18	114	3642	9326	34288.0	7113	12.02753149790014	5
Mouse_Brain_Visium_10x	GCCTCATCTGGAAATA-1	41	95	6397	8019	17656.0	4965	13.814000906207522	13
Mouse_Brain_Visium_10x	GCCTCCGACAATTCAC-1	60	98	8672	8225	23252.0	5969	12.183898159298124	13
Mouse_Brain_Visium_10x	GCCTCTATACATAGCA-1	55	75	8073	6642	21009.0	5652	14.0178018944262	11
Mouse_Brain_Visium_10x	GCCTTTGTCAGTGGAC-1	64	10	9151	2169	10142.0	4094	13.350423979491225	0
Mouse_Brain_Visium_10x	GCGAAACGATCGGGAG-1	54	100	7953	8363	7828.0	3064	12.838528359734285	13
Mouse_Brain_Visium_10x	GCGAAACTTAACTGGA-1	44	82	6756	7124	30422.0	6563	12.99717309841562	4
Mouse_Brain_Visium_10x	GCGAAGAATCTGACGG-1	66	84	9391	7262	37195.0	7344	12.899583277322222	11
Mouse_Brain_Visium_10x	GCGAAGCCATACCCGT-1	31	61	5199	5679	38585.0	7066	13.479331346378126	12
Mouse_Brain_Visium_10x	GCGACATGTAAACATC-1	37	107	5918	8844	3332.0	1568	10.894357743097238	1
Mouse_Brain_Visium_10x	GCGACGATAGTTGTAC-1	48	54	7235	5197	36192.0	7385	11.814765694076039	8
Mouse_Brain_Visium_10x	GCGAGAGGCCATGTAA-1	21	113	4002	9257	37262.0	7510	10.785787128978583	5
Mouse_Brain_Visium_10x	GCGAGAGTTGCGTCCA-1	33	107	5439	8844	7424.0	3049	8.863146551724139	1
Mouse_Brain_Visium_10x	GCGAGCGCATGCTCCC-1	37	109	5918	8982	2455.0	1213	11.038696537678208	1
Mouse_Brain_Visium_10x	GCGAGGCCCGAGCAGA-1	37	47	5918	4715	51718.0	8088	13.57941142348892	2
Mouse_Brain_Visium_10x	GCGAGTTCTGCAAAGA-1	35	63	5678	5816	46263.0	8046	9.638371917082766	12
Mouse_Brain_Visium_10x	GCGATTGTTAACGTTA-1	37	77	5918	6780	16914.0	4727	14.053446848764336	4
Mouse_Brain_Visium_10x	GCGCAAATATATTCAA-1	58	28	8433	3407	22371.0	5686	21.290957042599796	9
Mouse_Brain_Visium_10x	GCGCAAGAGCGCGCTG-1	40	100	6277	8363	8206.0	2954	13.07579819644163	1
Mouse_Brain_Visium_10x	GCGCATCCAGTCAGCA-1	29	95	4960	8019	6086.0	2607	10.581662832730858	6
Mouse_Brain_Visium_10x	GCGCCGTTCCACGATA-1	41	65	6397	5954	19075.0	5398	12.754914809960683	12
Mouse_Brain_Visium_10x	GCGCCTCCCACTCCGA-1	48	110	7235	9051	14981.0	4390	15.472932381015953	1
Mouse_Brain_Visium_10x	GCGCGGTCTAGTAACT-1	68	60	9630	5610	23876.0	5624	23.69743675657564	10
Mouse_Brain_Visium_10x	GCGCGTCATTGGTACA-1	57	83	8313	7193	20869.0	5677	14.753941252575592	11
Mouse_Brain_Visium_10x	GCGCTAATTGAATAGA-1	34	70	5558	6298	18886.0	4829	12.257757068728159	3
Mouse_Brain_Visium_10x	GCGCTATGCCGAGGCA-1	43	47	6636	4715	39546.0	7430	13.316138168209173	8
Mouse_Brain_Visium_10x	GCGCTGATCCAGACTC-1	17	87	3523	7468	37942.0	7235	13.515365557956882	6
Mouse_Brain_Visium_10x	GCGCTGCTTTGCATTT-1	28	94	4840	7950	13667.0	4245	13.302114582571157	6
Mouse_Brain_Visium_10x	GCGCTTAAATAATTGG-1	57	89	8313	7606	33767.0	7180	12.96828264281695	11
Mouse_Brain_Visium_10x	GCGGACCGCGTTGTGG-1	51	43	7594	4440	19046.0	5107	19.321642339598867	9
Mouse_Brain_Visium_10x	GCGGAGAAACTTCGCA-1	55	33	8073	3752	9029.0	3200	19.14940746483553	9
Mouse_Brain_Visium_10x	GCGGAGAGGGAGAACG-1	46	78	6996	6849	22817.0	5761	16.522768111495814	4
Mouse_Brain_Visium_10x	GCGGATTACTTGTTCT-1	74	110	10349	9051	23231.0	6104	14.26111661142439	7
Mouse_Brain_Visium_10x	GCGGCAAAGTATTGCC-1	59	27	8552	3339	17790.0	5335	16.8690275435638	9
Mouse_Brain_Visium_10x	GCGGCTCTGACGTACC-1	38	38	6038	4096	31233.0	6639	14.343803028847693	9
Mouse_Brain_Visium_10x	GCGGCTTTAGCAAGTT-1	70	78	9870	6849	37861.0	7495	12.683236047647975	10
Mouse_Brain_Visium_10x	GCGGGCGAGCCTTACC-1	55	51	8073	4990	34650.0	6904	14.822510822510823	8
Mouse_Brain_Visium_10x	GCGGTCTTGCTTTCAC-1	72	82	10109	7124	32382.0	6911	15.900809091470569	10
Mouse_Brain_Visium_10x	GCGGTGAACTGCGCTC-1	20	94	3882	7950	34489.0	7096	11.035402592130824	6
Mouse_Brain_Visium_10x	GCGGTTCCCTATCATG-1	47	49	7115	4853	36729.0	7067	14.043398949059327	8
Mouse_Brain_Visium_10x	GCGTAAATGGCCATAA-1	34	102	5558	8500	27012.0	6444	10.24729749740856	1
Mouse_Brain_Visium_10x	GCGTCGAAATGTCGGT-1	17	65	3523	5954	11031.0	3514	24.766566947692866	3
Mouse_Brain_Visium_10x	GCGTCGCCAGGGTGAT-1	54	62	7954	5747	23709.0	6089	13.496984267577714	8
Mouse_Brain_Visium_10x	GCGTCTCTGCATTGGG-1	39	41	6157	4302	28300.0	6356	16.120141342756185	2
Mouse_Brain_Visium_10x	GCGTGGTACTGGGTTA-1	35	95	5678	8019	13166.0	4474	11.901868449035394	1
Mouse_Brain_Visium_10x	GCGTTCGGAGACCGGG-1	19	103	3762	8569	23523.0	6017	13.573948901075545	5
Mouse_Brain_Visium_10x	GCTAACTGAAGTCTGA-1	58	88	8433	7537	13600.0	4459	12.647058823529411	11
Mouse_Brain_Visium_10x	GCTAAGCCCAGTATGC-1	74	108	10349	8913	24286.0	5974	18.331549040599523	7
Mouse_Brain_Visium_10x	GCTAAGTAGTTTCTCT-1	34	80	5558	6986	22902.0	5893	13.732425115710416	4
Mouse_Brain_Visium_10x	GCTAATACCGAATGCC-1	21	47	4002	4715	19022.0	4338	29.22405635579855	2
Mouse_Brain_Visium_10x	GCTACAATCGAGGATA-1	62	104	8912	8638	37231.0	7286	10.563777497246917	7
Mouse_Brain_Visium_10x	GCTACAGTACGGACCG-1	40	14	6277	2444	20757.0	5262	22.89348171701113	0
Mouse_Brain_Visium_10x	GCTACGACTTATTGGG-1	43	69	6636	6229	18567.0	5247	14.391124037270425	4
Mouse_Brain_Visium_10x	GCTACTATAGTAGAGT-1	50	94	7474	7950	13807.0	4492	10.711957702614615	13
Mouse_Brain_Visium_10x	GCTAGACCGTCTACTG-1	42	104	6516	8638	8934.0	2879	13.398253861652115	1
Mouse_Brain_Visium_10x	GCTAGAGTAGAGATGT-1	56	96	8193	8087	15608.0	4587	15.73552024602768	13
Mouse_Brain_Visium_10x	GCTAGCAGGGAGTGGG-1	15	101	3283	8431	27474.0	6503	13.900414937759336	5
Mouse_Brain_Visium_10x	GCTAGCTTGAATAGCT-1	52	44	7714	4509	13968.0	4202	22.32245131729668	9
Mouse_Brain_Visium_10x	GCTAGGCACCACGGAG-1	54	84	7954	7262	14513.0	4142	18.838282918762488	11
Mouse_Brain_Visium_10x	GCTAGTAGAGCTTGTA-1	39	65	6157	5954	24682.0	6086	13.584798638684061	12
Mouse_Brain_Visium_10x	GCTATACGTCTCGGAC-1	52	88	7714	7537	13402.0	4020	20.034323235338007	11
Mouse_Brain_Visium_10x	GCTATCATACTCATGG-1	54	78	7954	6849	19820.0	5300	14.480322906155399	11
Mouse_Brain_Visium_10x	GCTATGCCAGCTTATG-1	44	2	6756	1618	33851.0	7474	6.70881214735163	0
Mouse_Brain_Visium_10x	GCTCAATCCGTTTATT-1	53	35	7834	3889	7442.0	2768	21.338349905939264	9
Mouse_Brain_Visium_10x	GCTCAATGTAATACCG-1	62	58	8912	5472	42605.0	7616	11.369557563666238	8
Mouse_Brain_Visium_10x	GCTCATTACTGCATGT-1	13	93	3044	7881	21624.0	5838	12.749722530521643	6
Mouse_Brain_Visium_10x	GCTCCCAGTCGGTCCA-1	43	109	6636	8982	17788.0	5081	12.081178322464583	1
Mouse_Brain_Visium_10x	GCTCCGCTCGCTTCAG-1	42	112	6516	9189	22936.0	5715	11.641088245552842	1
Mouse_Brain_Visium_10x	GCTCCTGACATACTGG-1	56	32	8193	3683	11167.0	3882	17.71290409241515	9
Mouse_Brain_Visium_10x	GCTCGCTCATGTCCAA-1	41	99	6397	8294	16847.0	5181	10.654715973170298	1
Mouse_Brain_Visium_10x	GCTCGGAATTTAAAGC-1	22	84	4121	7261	37457.0	7267	11.821555383506421	6
Mouse_Brain_Visium_10x	GCTCTAAACCCTGACG-1	24	58	4361	5472	29557.0	6421	16.710085597320433	3
Mouse_Brain_Visium_10x	GCTCTATGTTACGTGC-1	26	40	4601	4233	26382.0	6085	18.872716245925254	2
Mouse_Brain_Visium_10x	GCTCTCGGGTACCGAA-1	26	58	4600	5472	29134.0	6378	16.58200041188989	2
Mouse_Brain_Visium_10x	GCTCTTTCCGCTAGTG-1	64	54	9151	5197	14694.0	4292	24.58146182115149	8
Mouse_Brain_Visium_10x	GCTGAATCTTCCAATC-1	59	23	8552	3063	18200.0	5305	18.604395604395606	0
Mouse_Brain_Visium_10x	GCTGAGGCGTGAGTAT-1	40	64	6277	5885	33166.0	7080	11.906771995416994	12
Mouse_Brain_Visium_10x	GCTGCACGGTTTCTTA-1	41	73	6397	6504	20457.0	5432	14.053869091264604	4
Mouse_Brain_Visium_10x	GCTGCTAAGTAGTCGA-1	56	56	8193	5334	43327.0	7903	9.06132434740462	8
Mouse_Brain_Visium_10x	GCTGCTACTGCGTAGC-1	51	75	7594	6642	9707.0	3217	17.719171731739983	4
Mouse_Brain_Visium_10x	GCTGCTCTCCGGACAC-1	31	63	5199	5816	36101.0	7002	12.118777873189108	12
Mouse_Brain_Visium_10x	GCTGGACCCAAAGTGG-1	14	106	3163	8776	45269.0	7948	11.131237712341779	5
Mouse_Brain_Visium_10x	GCTGGCATATTCACCT-1	31	31	5199	3614	23629.0	5669	19.768081594650642	14
Mouse_Brain_Visium_10x	GCTGGCGGCGCATGCT-1	54	64	7954	5885	32486.0	7114	13.4550267807671	8
Mouse_Brain_Visium_10x	GCTGGTGACTCGTAGT-1	11	117	2804	9533	23588.0	5173	25.521451585551976	5
Mouse_Brain_Visium_10x	GCTGGTTTAGGCCATA-1	60	14	8672	2444	19095.0	5579	17.172034564021995	0
Mouse_Brain_Visium_10x	GCTGTATTACTGGCCC-1	46	38	6996	4096	31464.0	6834	12.344266463259599	9
Mouse_Brain_Visium_10x	GCTGTTGCTACCGAAC-1	39	95	6157	8019	20163.0	5388	16.589793185537864	1
Mouse_Brain_Visium_10x	GCTTAATGTAACTAAC-1	42	84	6516	7262	27882.0	6345	13.205652392224373	4
Mouse_Brain_Visium_10x	GCTTACGTAGTTAGTA-1	36	112	5798	9189	1097.0	612	11.394712853236099	5
Mouse_Brain_Visium_10x	GCTTATGAAGCAGGAA-1	35	89	5678	7606	23988.0	6152	13.615140903785225	4
Mouse_Brain_Visium_10x	GCTTCCATGTAACCGC-1	74	102	10349	8500	33783.0	7124	14.684900689696	7
Mouse_Brain_Visium_10x	GCTTCCGTCCCTAGAC-1	29	77	4960	6780	29211.0	6517	10.044161446030605	3
Mouse_Brain_Visium_10x	GCTTGAGTGACCTCTG-1	73	113	10229	9258	55172.0	8625	5.187413905604292	7
Mouse_Brain_Visium_10x	GCTTGGATCGATTAGG-1	31	97	5199	8156	9643.0	3629	7.632479518821943	1
Mouse_Brain_Visium_10x	GCTTTCAGAGGAGGTG-1	33	95	5439	8019	17265.0	5109	13.785114393281205	1
Mouse_Brain_Visium_10x	GGAAACCTTGTTGAAT-1	20	106	3882	8776	34405.0	7109	13.102746693794506	5
Mouse_Brain_Visium_10x	GGAAACTAAATGGGCC-1	60	102	8672	8500	32816.0	6829	11.503534861043393	7
Mouse_Brain_Visium_10x	GGAAAGTGCCCATGCC-1	20	90	3882	7674	32857.0	6860	11.595702590011262	6
Mouse_Brain_Visium_10x	GGAACCGTGTAAATTG-1	49	47	7355	4715	31393.0	6693	14.573312521899787	8
Mouse_Brain_Visium_10x	GGAACCTTGACTCTGC-1	59	21	8552	2926	31120.0	7140	11.866966580976863	0
Mouse_Brain_Visium_10x	GGAACTTTGGCGATTA-1	60	110	8672	9051	33517.0	7034	9.917355371900827	7
Mouse_Brain_Visium_10x	GGAATGCGCTAGCGTG-1	32	82	5319	7124	11846.0	3607	11.218976869829477	4
Mouse_Brain_Visium_10x	GGACAACCATGAAGCC-1	70	102	9870	8500	48418.0	8506	8.451402371019043	7
Mouse_Brain_Visium_10x	GGACACAAGTTTACAC-1	47	111	7115	9120	9006.0	3335	14.168332222962468	1
Mouse_Brain_Visium_10x	GGACCAACAGGATAAC-1	51	67	7594	6092	35705.0	7246	13.717966671334548	4
Mouse_Brain_Visium_10x	GGACCTACGGTAACGT-1	17	109	3523	8982	34865.0	7241	11.848558726516565	5
Mouse_Brain_Visium_10x	GGACCTCTAGGCCGCC-1	58	30	8433	3545	17271.0	5095	19.79040009264084	9
Mouse_Brain_Visium_10x	GGACGTCCATAGTTGG-1	14	116	3163	9464	38939.0	7462	14.974704024243046	5
Mouse_Brain_Visium_10x	GGACTCTTTGACTAAG-1	71	83	9989	7193	41849.0	7846	12.996726325599179	10
Mouse_Brain_Visium_10x	GGAGAAGTCATTGGCA-1	23	41	4241	4302	14808.0	3734	29.96353322528363	2
Mouse_Brain_Visium_10x	GGAGACCATCTACATA-1	50	8	7475	2031	27112.0	6955	7.922691059309531	0
Mouse_Brain_Visium_10x	GGAGACGACACCTTTG-1	43	67	6636	6092	26052.0	6136	13.484569322892675	12
Mouse_Brain_Visium_10x	GGAGCAACATTTCAAG-1	57	103	8313	8569	15569.0	4762	13.147922152996339	7
Mouse_Brain_Visium_10x	GGAGCACCAAGAACTA-1	26	82	4600	7124	40314.0	7331	13.072381802847646	3
Mouse_Brain_Visium_10x	GGAGCGAGGCCTACTT-1	67	69	9510	6229	39615.0	7553	14.88325129370188	10
Mouse_Brain_Visium_10x	GGAGGGCTTGGTTGGC-1	32	78	5319	6849	14045.0	4228	12.474190103239586	3
Mouse_Brain_Visium_10x	GGAGTTGATTCTGTGT-1	68	112	9630	9189	36785.0	7607	7.391599836890037	7
Mouse_Brain_Visium_10x	GGATCAGAGCCATCAG-1	43	1	6636	1549	42696.0	7959	9.66132658797077	0
Mouse_Brain_Visium_10x	GGATCATCCCGTACGC-1	17	101	3523	8431	34555.0	7242	9.454492837505427	5
Mouse_Brain_Visium_10x	GGATCCGGAATATACT-1	34	82	5558	7124	27604.0	6255	13.516157078684248	4
Mouse_Brain_Visium_10x	GGATCTTGACTCAACC-1	51	17	7594	2650	27062.0	6705	9.171532037543418	0
Mouse_Brain_Visium_10x	GGATGAAGATCGCTGA-1	42	94	6516	7950	16801.0	4977	14.927682876019285	13
Mouse_Brain_Visium_10x	GGATGACGCGAGTTTA-1	37	45	5918	4577	32966.0	6770	14.654492507431899	2
Mouse_Brain_Visium_10x	GGATGGCTTGAAGTAT-1	68	98	9630	8225	40080.0	7930	7.50499001996008	7
Mouse_Brain_Visium_10x	GGATGTCCTTACCGCA-1	35	91	5678	7743	29194.0	6782	12.804000822086731	4
Mouse_Brain_Visium_10x	GGATTAATCATGGACC-1	71	75	9989	6642	43972.0	7681	17.474756663331213	10
Mouse_Brain_Visium_10x	GGATTCCGCTATACCC-1	19	81	3762	7055	34797.0	6911	13.929361726585626	6
Mouse_Brain_Visium_10x	GGATTGCTGTGACTCC-1	60	84	8672	7262	26741.0	6359	13.522306570434914	11
Mouse_Brain_Visium_10x	GGATTTCACTTCTATA-1	31	83	5199	7193	8465.0	3085	10.891907855877141	4
Mouse_Brain_Visium_10x	GGCAAAGGCGCCAATA-1	54	34	7954	3820	9728.0	3326	19.901315789473685	9
Mouse_Brain_Visium_10x	GGCAAATTACTTTACT-1	41	53	6397	5128	37482.0	7207	12.048449922629528	12
Mouse_Brain_Visium_10x	GGCAAGCCCATAGTGG-1	67	61	9510	5679	25075.0	6022	19.54137587238285	10
Mouse_Brain_Visium_10x	GGCAAGGCGAAATAGC-1	45	69	6876	6229	29298.0	6567	14.185268619018363	4
Mouse_Brain_Visium_10x	GGCAATAGTCAATGAG-1	30	70	5079	6298	39981.0	7642	10.412445911808108	3
Mouse_Brain_Visium_10x	GGCACGCTGCTACAGT-1	72	112	10109	9189	45451.0	8317	9.579547204681965	7
Mouse_Brain_Visium_10x	GGCACTCCACTGGGCA-1	34	46	5559	4646	34101.0	6847	13.1579719069822	2
Mouse_Brain_Visium_10x	GGCACTGCGGTGGTTT-1	70	110	9870	9051	40824.0	7918	6.314912796394277	7
Mouse_Brain_Visium_10x	GGCAGCAAACCTATGC-1	51	103	7594	8569	9572.0	3185	17.373589636439615	13
Mouse_Brain_Visium_10x	GGCAGCGGTAATCCTA-1	14	100	3163	8363	35153.0	7205	13.077120018206129	5
Mouse_Brain_Visium_10x	GGCATACAGGTAGCGG-1	34	32	5559	3683	21581.0	5163	20.202956304156434	14
Mouse_Brain_Visium_10x	GGCATATCGGTTCTGC-1	17	83	3523	7193	25503.0	5910	18.582127592832215	6
Mouse_Brain_Visium_10x	GGCCAATTGTATAGAC-1	74	98	10349	8225	28522.0	7028	11.061636631372274	7
Mouse_Brain_Visium_10x	GGCCCAGCTGGTTTGC-1	70	74	9870	6573	50340.0	8275	10.754866905045688	10
Mouse_Brain_Visium_10x	GGCCCTCACCCACTTA-1	37	23	5918	3063	16811.0	4321	22.72321694128844	14
Mouse_Brain_Visium_10x	GGCCGGCGTCTGCTAT-1	65	79	9271	6917	33674.0	7171	12.882342460058204	10
Mouse_Brain_Visium_10x	GGCCGTTTGGGTTTCA-1	59	45	8552	4577	13115.0	3543	30.324056423942054	8
Mouse_Brain_Visium_10x	GGCCTGCTTCTCCCGA-1	59	113	8552	9258	32063.0	6803	10.657143748245641	1
Mouse_Brain_Visium_10x	GGCGAAATCTAACTTG-1	43	87	6636	7468	21930.0	5335	16.269949840401278	13
Mouse_Brain_Visium_10x	GGCGAGCGAAACGGCA-1	51	7	7594	1962	36651.0	7771	7.4977490382254235	0
Mouse_Brain_Visium_10x	GGCGCAGGACATCTTC-1	37	27	5918	3338	28004.0	6113	19.2115412083988	14
Mouse_Brain_Visium_10x	GGCGCATGAATTGATG-1	42	54	6517	5197	42007.0	7866	9.643630823434188	12
Mouse_Brain_Visium_10x	GGCGCGGAGATCTTTC-1	58	86	8433	7399	24693.0	6120	15.226987405337544	11
Mouse_Brain_Visium_10x	GGCGCGTTCGAGTTTA-1	47	59	7115	5541	30048.0	6760	11.65468583599574	12
Mouse_Brain_Visium_10x	GGCGCTTCATTCCCTG-1	67	71	9510	6367	32084.0	6944	17.167435481860117	10
Mouse_Brain_Visium_10x	GGCGGAGTAATATTAG-1	32	46	5319	4646	44373.0	7540	15.858742929258785	2
Mouse_Brain_Visium_10x	GGCGGTAGGATCATTG-1	31	69	5199	6229	31498.0	6839	11.10864181852816	3
Mouse_Brain_Visium_10x	GGCGTAGGGAAAGCTG-1	64	82	9151	7124	38044.0	7373	16.425717590158765	11
Mouse_Brain_Visium_10x	GGCGTCCTATCCGCTG-1	31	33	5199	3751	22134.0	5258	21.410499683744465	2
Mouse_Brain_Visium_10x	GGCTAAAGGGCGGGTC-1	19	99	3762	8294	27955.0	6592	9.940976569486674	6
Mouse_Brain_Visium_10x	GGCTAATGATTGAAAT-1	11	113	2804	9257	28662.0	6626	15.808387411904262	5
Mouse_Brain_Visium_10x	GGCTATTAAGTTGTAT-1	33	41	5439	4302	26498.0	5966	16.937127330364557	2
Mouse_Brain_Visium_10x	GGCTCGCGTTGAGGTA-1	31	93	5199	7881	13198.0	4228	9.024094559781785	6
Mouse_Brain_Visium_10x	GGCTCTGCTCCAACGC-1	26	72	4600	6436	30115.0	6640	13.15623443466711	3
Mouse_Brain_Visium_10x	GGCTGAAATAGCAAAG-1	49	79	7355	6917	27395.0	6271	15.948165723672203	4
Mouse_Brain_Visium_10x	GGCTTTCAATAAGGGT-1	60	62	8672	5747	25106.0	5917	14.996415199553892	10
Mouse_Brain_Visium_10x	GGGAAAGAATGCCAAC-1	70	108	9870	8913	47619.0	8389	7.872907872907874	7
Mouse_Brain_Visium_10x	GGGAACGGGAGGTTAG-1	39	37	6157	4027	28803.0	6498	15.51921674825539	9
Mouse_Brain_Visium_10x	GGGAAGACGGTCTGTC-1	64	76	9151	6711	27882.0	6748	13.015565597876765	10
Mouse_Brain_Visium_10x	GGGAAGGGCTTTCTCA-1	63	87	9031	7468	33525.0	7282	11.14392244593587	11
Mouse_Brain_Visium_10x	GGGAATGAGCCCTCAC-1	19	107	3762	8844	30883.0	6726	14.143703655732928	5
Mouse_Brain_Visium_10x	GGGACAGAGTTACTCC-1	57	19	8313	2788	18059.0	5170	20.93139154991971	0
Mouse_Brain_Visium_10x	GGGACCCGTATATCTT-1	57	53	8313	5128	24541.0	5920	15.961044782201213	8
Mouse_Brain_Visium_10x	GGGACTGCATAGATAG-1	32	60	5319	5610	36562.0	7182	12.76188392319895	12
Mouse_Brain_Visium_10x	GGGAGAACTCACAGTA-1	32	64	5319	5885	42801.0	7580	12.630546015280016	12
Mouse_Brain_Visium_10x	GGGAGCGACCGTAGTG-1	68	86	9630	7399	43239.0	8046	11.76021647124124	11
Mouse_Brain_Visium_10x	GGGAGGATGCCCGAAA-1	37	51	5918	4990	48217.0	7966	11.78007756600369	12
Mouse_Brain_Visium_10x	GGGAGTTAATGAGGCG-1	33	75	5439	6642	3384.0	1625	10.549645390070921	3
Mouse_Brain_Visium_10x	GGGATGGTCGTAACCG-1	47	43	7115	4440	29920.0	6700	13.178475935828876	9
Mouse_Brain_Visium_10x	GGGATTTACCGCACCT-1	42	90	6516	7674	15581.0	4692	15.525319299146394	13
Mouse_Brain_Visium_10x	GGGCAACCGCACGTGC-1	55	19	8073	2788	34631.0	7470	11.163408506829143	0
Mouse_Brain_Visium_10x	GGGCACTATTGACCAT-1	61	3	8792	1687	24423.0	6801	8.90144535888302	0
Mouse_Brain_Visium_10x	GGGCAGACGTCACTGC-1	48	4	7235	1756	35904.0	7862	7.330659536541889	0
Mouse_Brain_Visium_10x	GGGCAGAGCAATCGTT-1	58	60	8433	5610	36691.0	7049	12.31364639829931	8
Mouse_Brain_Visium_10x	GGGCAGTCAACGCCAA-1	69	79	9750	6918	59635.0	8635	13.307621363293368	10
Mouse_Brain_Visium_10x	GGGCCCGTCTTAAACA-1	42	52	6517	5059	48519.0	7997	11.383169479997527	12
Mouse_Brain_Visium_10x	GGGCCGGCCGAAGTAC-1	36	84	5798	7261	33717.0	6963	15.05768603375152	4
Mouse_Brain_Visium_10x	GGGCCTAAATGGGCTA-1	45	9	6876	2100	42878.0	8299	5.527310042446009	0
Mouse_Brain_Visium_10x	GGGCGATATGTGTGAA-1	28	58	4840	5472	32170.0	6658	14.94560149207336	2
Mouse_Brain_Visium_10x	GGGCGGCAAATGAATT-1	49	45	7355	4577	30899.0	6717	15.485938056247775	8
Mouse_Brain_Visium_10x	GGGCGGGTTCCCTACG-1	43	37	6636	4027	27562.0	6423	13.417023438066902	9
Mouse_Brain_Visium_10x	GGGCGTACATTTATAT-1	24	54	4361	5197	28657.0	6292	17.510555885124056	2
Mouse_Brain_Visium_10x	GGGCGTCACCACGTAA-1	48	50	7235	4922	37031.0	7091	14.955037671140396	8
Mouse_Brain_Visium_10x	GGGCGTCCACTGGCTC-1	16	84	3403	7261	21161.0	5453	15.27810594962431	6
Mouse_Brain_Visium_10x	GGGCGTGGTTTCCCAG-1	61	81	8792	7055	27454.0	6522	13.57543527354848	11
Mouse_Brain_Visium_10x	GGGCTACTATTTCGTG-1	50	6	7475	1893	24488.0	6746	6.999346618752042	0
Mouse_Brain_Visium_10x	GGGCTATGATCGATGG-1	57	51	8313	4990	23986.0	5598	20.19928291503377	8
Mouse_Brain_Visium_10x	GGGCTCATCGAACCCA-1	25	89	4481	7606	26515.0	6357	11.876296435979635	6
Mouse_Brain_Visium_10x	GGGCTGCCTAGGGCGA-1	33	69	5439	6229	33240.0	6773	10.85740072202166	3
Mouse_Brain_Visium_10x	GGGCTGGTTAGTCGCG-1	31	51	5199	4990	38793.0	7168	15.064573505529347	2
Mouse_Brain_Visium_10x	GGGTACTTCATGAACT-1	37	39	5918	4164	36078.0	7235	13.562281722933644	2
Mouse_Brain_Visium_10x	GGGTATGTATGCACTT-1	28	28	4840	3407	4237.0	1751	22.96436157658721	14
Mouse_Brain_Visium_10x	GGGTATTCTAGCAAAC-1	55	15	8073	2513	40199.0	7645	14.950620662205527	0
Mouse_Brain_Visium_10x	GGGTCACCGTGACGGT-1	35	47	5678	4715	45512.0	7710	14.134733696607487	2
Mouse_Brain_Visium_10x	GGGTCAGGAGCTAGAT-1	65	55	9271	5266	17240.0	4583	26.14849187935035	8
Mouse_Brain_Visium_10x	GGGTCGTGGCAAGTGT-1	25	107	4481	8844	8191.0	3367	9.669149066048103	5
Mouse_Brain_Visium_10x	GGGTCTATCGCTTTCC-1	63	113	9031	9258	28099.0	6279	11.779778639809246	7
Mouse_Brain_Visium_10x	GGGTGACACCTTAACT-1	46	56	6996	5334	33541.0	6897	10.923943829939477	12
Mouse_Brain_Visium_10x	GGGTGCATATGAAAGC-1	30	112	5079	9189	36034.0	7101	11.550202586446135	5
Mouse_Brain_Visium_10x	GGGTTAACATTTGAGT-1	54	50	7954	4922	37735.0	7199	13.401351530409434	8
Mouse_Brain_Visium_10x	GGGTTTAGGATAGGAT-1	43	107	6636	8844	5363.0	2099	14.059295170613462	1
Mouse_Brain_Visium_10x	GGTAAACTCTGCGCTG-1	66	114	9391	9326	31145.0	6770	10.245625301011398	7
Mouse_Brain_Visium_10x	GGTAACCGGGAGGATA-1	57	27	8313	3339	36951.0	7472	13.34469973749019	9
Mouse_Brain_Visium_10x	GGTACAAACATGCTAT-1	40	54	6277	5197	44313.0	7657	10.057996524721865	12
Mouse_Brain_Visium_10x	GGTACCATTAAGACGG-1	29	105	4960	8707	23324.0	5842	9.140799176813582	5
Mouse_Brain_Visium_10x	GGTACGTTGCGGCCGG-1	66	112	9391	9189	41407.0	8189	8.633805878233149	7
Mouse_Brain_Visium_10x	GGTAGAAGACCGCCTG-1	53	71	7834	6367	23145.0	5873	14.815294880103695	4
Mouse_Brain_Visium_10x	GGTAGACCGTTGGGCG-1	53	53	7834	5128	42042.0	7773	10.948575234289521	8
Mouse_Brain_Visium_10x	GGTAGTGCTCGCACCA-1	34	72	5558	6436	13191.0	3916	10.689106208778714	3
Mouse_Brain_Visium_10x	GGTATAGTGACACATA-1	34	114	5558	9326	34869.0	7091	9.34641085204623	5
Mouse_Brain_Visium_10x	GGTATTGCCGAGTTTA-1	33	53	5439	5128	35976.0	7063	13.43673560151212	2
Mouse_Brain_Visium_10x	GGTCAAGACTACTTCG-1	53	105	7834	8707	2634.0	1246	15.489749430523919	13
Mouse_Brain_Visium_10x	GGTCAGTGGGTCCCAC-1	48	62	7235	5747	30899.0	6777	14.256124793682643	12
Mouse_Brain_Visium_10x	GGTCGGATAAACGGCG-1	23	97	4241	8156	28052.0	6525	11.517895337230858	6
Mouse_Brain_Visium_10x	GGTCGGCCAGGAGCTT-1	32	84	5319	7261	17661.0	4805	10.752505520638696	4
Mouse_Brain_Visium_10x	GGTCGGTCGTCCACAG-1	56	52	8193	5059	25323.0	5651	20.593926470007503	8
Mouse_Brain_Visium_10x	GGTCGTAAGCTCGCAC-1	49	19	7355	2788	25457.0	6921	6.395097615587068	0
Mouse_Brain_Visium_10x	GGTCTCCGTCCAGGTT-1	63	101	9031	8432	30309.0	6939	9.314065129169553	7
Mouse_Brain_Visium_10x	GGTCTCTGAATGGACT-1	52	34	7714	3820	11596.0	3983	14.772335288030355	9
Mouse_Brain_Visium_10x	GGTCTGAGAATCTGGA-1	30	80	5079	6986	25304.0	6027	11.417167246285171	3
Mouse_Brain_Visium_10x	GGTCTTGAGCGCTCTT-1	65	65	9271	5954	27532.0	6275	13.420746767397937	10
Mouse_Brain_Visium_10x	GGTGAAGTACAGGGAT-1	47	37	7115	4027	31668.0	6716	13.796261210054315	9
Mouse_Brain_Visium_10x	GGTGATAAGGAGCAGT-1	37	79	5918	6917	17724.0	5157	11.188219363574813	4
Mouse_Brain_Visium_10x	GGTGCAGAGCCTATCG-1	12	104	2924	8638	27814.0	6637	11.807003667217948	5
Mouse_Brain_Visium_10x	GGTGCTGGTACACATT-1	42	46	6517	4646	33276.0	6750	12.789998797932444	8
Mouse_Brain_Visium_10x	GGTGGACTGCTCTGGC-1	55	85	8073	7330	15282.0	4568	16.921868865331763	11
Mouse_Brain_Visium_10x	GGTGTAAATCGATTGT-1	69	65	9750	5954	47651.0	8274	8.826677299532014	10
Mouse_Brain_Visium_10x	GGTTACCACCCTCGGG-1	45	33	6876	3751	29143.0	6567	15.111690628967505	9
Mouse_Brain_Visium_10x	GGTTAGCTATATGTCT-1	47	87	7115	7468	16460.0	4910	15.619684082624543	13
Mouse_Brain_Visium_10x	GGTTAGGCTTGGAGAA-1	28	36	4840	3958	20852.0	5370	20.525609054287358	2
Mouse_Brain_Visium_10x	GGTTCGGATTATACTA-1	39	7	6157	1962	20346.0	5802	18.416396343261574	0
Mouse_Brain_Visium_10x	GGTTCTACTCGTCTGA-1	39	105	6157	8707	11037.0	3785	7.719488991573797	1
Mouse_Brain_Visium_10x	GGTTTAATTGAGCAGG-1	26	116	4600	9464	27728.0	6542	5.420513560300058	5
Mouse_Brain_Visium_10x	GGTTTACAATCTCAAT-1	25	73	4481	6504	32393.0	6876	11.687710307782545	3
Mouse_Brain_Visium_10x	GGTTTAGCCTTTCTTG-1	46	102	6995	8500	6605.0	2654	9.129447388342166	1
Mouse_Brain_Visium_10x	GGTTTCAATCGGTCAG-1	33	91	5439	7743	23641.0	5986	13.282010067256039	6
Mouse_Brain_Visium_10x	GGTTTGACAAGAAGCT-1	12	112	2924	9188	41059.0	7787	12.104532502009304	5
Mouse_Brain_Visium_10x	GGTTTGTGACCTGAGG-1	61	105	8792	8707	37601.0	7498	8.066274833116141	7
Mouse_Brain_Visium_10x	GTAACATCTAAGATAA-1	56	110	8193	9051	5404.0	2328	11.676535899333826	1
Mouse_Brain_Visium_10x	GTAAGCGGGCAGTCAG-1	23	63	4241	5816	33241.0	6818	15.065732077855658	3
Mouse_Brain_Visium_10x	GTAAGTAACAGTCTGG-1	40	82	6277	7124	20368.0	5432	15.543990573448546	4
Mouse_Brain_Visium_10x	GTAAGTAGGGTATACC-1	26	36	4601	3958	13121.0	3749	28.054264156695375	2
Mouse_Brain_Visium_10x	GTAATAAAGGGCTCCC-1	31	103	5199	8569	28701.0	5931	9.3968851259538	1
Mouse_Brain_Visium_10x	GTAATCTGATTCTTCG-1	50	44	7475	4509	29759.0	6564	14.039450250344435	9
Mouse_Brain_Visium_10x	GTACACTTACCTGAAG-1	36	64	5798	5885	14098.0	4133	12.618811178890624	12
Mouse_Brain_Visium_10x	GTACAGAGGCAAGGGT-1	37	83	5918	7193	28428.0	6516	15.692275221612494	4
Mouse_Brain_Visium_10x	GTACGAGATTGCGACA-1	21	57	4002	5403	23661.0	5678	20.518997506445206	3
Mouse_Brain_Visium_10x	GTACGCTTCATTGCAC-1	46	72	6996	6436	21556.0	5613	13.43477454073112	4
Mouse_Brain_Visium_10x	GTACGTCACGTATTAA-1	11	107	2804	8844	21423.0	5732	16.010829482332074	5
Mouse_Brain_Visium_10x	GTACGTTTGCCCGTCA-1	44	68	6756	6160	21978.0	5762	15.306215306215307	4
Mouse_Brain_Visium_10x	GTACTAAGATTTGGAG-1	27	55	4720	5266	27560.0	6327	15.2322206095791	2
Mouse_Brain_Visium_10x	GTACTCCCTTATCGCT-1	36	28	5798	3407	25566.0	5716	21.540326996792615	14
Mouse_Brain_Visium_10x	GTACTCCTGGGTATGC-1	26	102	4600	8500	17505.0	5242	7.929163096258211	5
Mouse_Brain_Visium_10x	GTACTGGAGTTAGACC-1	33	81	5439	7055	23271.0	5833	14.008852219500668	4
Mouse_Brain_Visium_10x	GTAGACACGCCTGACT-1	63	67	9031	6092	23758.0	5800	13.957403821870528	10
Mouse_Brain_Visium_10x	GTAGAGGGAGACAAGT-1	51	31	7594	3614	13746.0	4526	13.42208642514186	9
Mouse_Brain_Visium_10x	GTAGCCAAACATGGGA-1	50	70	7475	6298	32591.0	6988	13.629529624743029	4
Mouse_Brain_Visium_10x	GTAGCGGCTATACACT-1	39	69	6157	6229	28616.0	6424	14.540816326530612	12
Mouse_Brain_Visium_10x	GTAGCTTCCTCTTGTT-1	31	89	5199	7606	9248.0	3161	9.310121107266436	6
Mouse_Brain_Visium_10x	GTAGGTGATCCGTGTA-1	17	79	3523	6917	22891.0	5800	15.385959547420383	6
Mouse_Brain_Visium_10x	GTAGTCGCGGGAATCA-1	49	81	7355	7055	25887.0	6158	16.038938463321358	11
Mouse_Brain_Visium_10x	GTAGTCTACGATATTG-1	63	77	9031	6780	26846.0	6442	14.72845116590926	10
Mouse_Brain_Visium_10x	GTAGTGAGCAACCTCA-1	69	113	9750	9258	46726.0	8319	8.312288661558876	7
Mouse_Brain_Visium_10x	GTATAGGACTCAGTAG-1	20	58	3882	5472	19427.0	5289	19.16919750862202	3
Mouse_Brain_Visium_10x	GTATCAAACGTTAGCT-1	55	97	8073	8156	17784.0	4979	13.112910481331532	13
Mouse_Brain_Visium_10x	GTATCCTTTGGTAACC-1	64	92	9151	7812	32317.0	7178	9.038586502460005	11
Mouse_Brain_Visium_10x	GTATCTCAGTCTTGAC-1	58	22	8433	2994	16100.0	4819	21.285714285714285	0
Mouse_Brain_Visium_10x	GTATCTTTCATAACCA-1	46	66	6996	6023	25276.0	6217	14.4484886849185	4
Mouse_Brain_Visium_10x	GTATGAAATTTCACTC-1	52	22	7714	2994	35449.0	7680	6.2371293971621204	9
Mouse_Brain_Visium_10x	GTATGTGGGTCTAGTT-1	38	92	6037	7812	17286.0	4929	13.450190905935438	13
Mouse_Brain_Visium_10x	GTATTCTGAGAAACGA-1	48	38	7235	4096	34886.0	6911	15.478988706071203	9
Mouse_Brain_Visium_10x	GTCAAAGAAGTGGTGT-1	56	18	8193	2719	20157.0	5697	18.22691868829687	0
Mouse_Brain_Visium_10x	GTCAACCAGGCCTATA-1	65	103	9271	8569	32717.0	7041	10.343246630192255	7
Mouse_Brain_Visium_10x	GTCAAGCGGACTCGGG-1	39	77	6157	6780	17019.0	4933	16.563840413655324	4
Mouse_Brain_Visium_10x	GTCAGAATAGTCTATG-1	30	32	5080	3683	21429.0	5163	21.54090251528303	2
Mouse_Brain_Visium_10x	GTCATGCACCTCCGTT-1	29	61	4960	5678	32501.0	6674	14.96569336328113	12
Mouse_Brain_Visium_10x	GTCATGCGCGAGGGCT-1	64	98	9151	8225	37815.0	7732	9.200052889065185	7
Mouse_Brain_Visium_10x	GTCATGGACATGACTA-1	26	62	4600	5747	34391.0	7038	13.552964438370504	3
Mouse_Brain_Visium_10x	GTCATTAGAGCGAACG-1	37	67	5918	6091	14325.0	4557	13.465968586387433	12
Mouse_Brain_Visium_10x	GTCCAATATTTAGCCT-1	65	53	9271	5128	5659.0	2134	19.049301996819228	8
Mouse_Brain_Visium_10x	GTCCATTACTGCTACG-1	42	106	6516	8776	5756.0	2102	11.448922863099375	1
Mouse_Brain_Visium_10x	GTCCCAACGTAAAGTA-1	33	73	5439	6504	9054.0	2964	11.74066710846035	3
Mouse_Brain_Visium_10x	GTCCCAATCATCCCGC-1	42	2	6517	1618	24956.0	5969	19.165731687770478	0
Mouse_Brain_Visium_10x	GTCCCGCGACGTTATG-1	58	82	8433	7124	23086.0	5878	14.740535389413498	11
Mouse_Brain_Visium_10x	GTCCGGACCTGAAATT-1	54	88	7954	7537	31333.0	6960	11.971403951105863	11
Mouse_Brain_Visium_10x	GTCCGGCTGAATTGCG-1	28	52	4840	5059	25627.0	6056	17.021110547469466	2
Mouse_Brain_Visium_10x	GTCCGGGTTCACATTA-1	69	71	9750	6367	45912.0	8053	9.315647325318	10
Mouse_Brain_Visium_10x	GTCCTACGAATAGTCT-1	53	91	7834	7743	5065.0	2161	14.768015794669298	13
Mouse_Brain_Visium_10x	GTCCTACTCTACGGGC-1	54	6	7954	1893	15494.0	5013	15.831934942558409	0
Mouse_Brain_Visium_10x	GTCGCCGTTGTGTGTT-1	57	43	8313	4440	35586.0	7041	9.416624515258809	8
Mouse_Brain_Visium_10x	GTCGCGTAACCCGTTG-1	39	75	6157	6642	11576.0	3761	13.450241879751209	4
Mouse_Brain_Visium_10x	GTCGGAAGGATACCAG-1	13	115	3044	9395	49424.0	8380	11.379087083198446	5
Mouse_Brain_Visium_10x	GTCGGATATCTCAGAC-1	32	36	5319	3958	29739.0	6259	19.032247217458558	2
Mouse_Brain_Visium_10x	GTCGGATGTAGCGCGC-1	17	77	3523	6780	23529.0	5922	15.007012622720897	6
Mouse_Brain_Visium_10x	GTCGGGAACATGGTAG-1	40	4	6277	1756	29700.0	7088	11.865319865319865	0
Mouse_Brain_Visium_10x	GTCGGGAAGCAGAAAC-1	59	65	8552	5954	27051.0	6340	15.984621640604784	10
Mouse_Brain_Visium_10x	GTCGTACCATCTCGGG-1	46	62	6996	5747	20970.0	5800	12.322365283738675	12
Mouse_Brain_Visium_10x	GTCGTACCTACGATTG-1	37	9	5918	2100	5261.0	2475	18.114426915035164	0
Mouse_Brain_Visium_10x	GTCGTATTGGCGTACA-1	19	95	3762	8018	22982.0	5996	10.778000174049255	6
Mouse_Brain_Visium_10x	GTCGTGTCTGGTCATC-1	28	110	4840	9051	963.0	576	23.98753894080997	5
Mouse_Brain_Visium_10x	GTCGTTATTCGCTTAT-1	46	76	6996	6711	12236.0	4151	14.563582870219024	4
Mouse_Brain_Visium_10x	GTCTAGTGAGCCGCTT-1	66	92	9391	7812	33578.0	7175	10.095896122461136	11
Mouse_Brain_Visium_10x	GTCTATCTGAGTTTCT-1	40	42	6277	4371	34417.0	7074	12.049277973094693	2
Mouse_Brain_Visium_10x	GTCTATTGCATGCTCG-1	65	105	9271	8707	28247.0	6675	10.06124544199384	7
Mouse_Brain_Visium_10x	GTCTATTGGTTCCGGT-1	50	90	7474	7674	10417.0	3569	17.029855044638573	13
Mouse_Brain_Visium_10x	GTCTCAAGGCCCGGCT-1	60	66	8672	6023	28005.0	6538	14.21174790216033	10
Mouse_Brain_Visium_10x	GTCTCCCGAGTCCCGT-1	72	110	10109	9051	40634.0	8046	8.170497612836542	7
Mouse_Brain_Visium_10x	GTCTCCTGCCAGTATG-1	59	13	8552	2375	30058.0	6955	10.117106926608557	0
Mouse_Brain_Visium_10x	GTCTCGACTAAGTTTG-1	25	111	4481	9120	4558.0	1944	10.530934620447564	5
Mouse_Brain_Visium_10x	GTCTCGATCTGCTTTC-1	20	80	3882	6986	25290.0	6181	13.499406880189799	6
Mouse_Brain_Visium_10x	GTCTGGGCGGTCGAGA-1	46	44	6996	4509	39399.0	7377	14.370923119876139	9
Mouse_Brain_Visium_10x	GTCTTACCACGCCAAG-1	74	114	10349	9326	30724.0	6601	17.907824502017966	7
Mouse_Brain_Visium_10x	GTCTTGTAGCTATTCA-1	44	112	6756	9189	3426.0	1792	13.455925277291303	1
Mouse_Brain_Visium_10x	GTGAAACGGCGCCACC-1	24	88	4361	7537	32097.0	6797	12.811166152599931	6
Mouse_Brain_Visium_10x	GTGAACTCCCATTCGA-1	30	104	5079	8638	33824.0	5920	7.231551561021759	1
Mouse_Brain_Visium_10x	GTGAAGATTTCAAGTG-1	21	103	4002	8569	17210.0	5131	13.15514235909355	5
Mouse_Brain_Visium_10x	GTGAAGCCGTATAGTC-1	21	107	4002	8844	29176.0	6713	11.51974225390732	5
Mouse_Brain_Visium_10x	GTGAAGTCACGACTCG-1	49	7	7355	1962	33041.0	7646	6.519173148512454	0
Mouse_Brain_Visium_10x	GTGACAGCTTCCCACT-1	64	74	9151	6573	20413.0	5365	16.837309557634843	10
Mouse_Brain_Visium_10x	GTGACCGCACACTACG-1	39	91	6157	7743	11712.0	3807	15.855532786885245	13
Mouse_Brain_Visium_10x	GTGACGAGGGTGACCC-1	32	114	5319	9326	25136.0	5946	16.442552514322088	5
Mouse_Brain_Visium_10x	GTGACGCAGGTTTCAT-1	65	75	9271	6642	26899.0	6237	13.312762556228854	10
Mouse_Brain_Visium_10x	GTGACTTCAGTAGTGC-1	46	50	6996	4921	33523.0	6895	12.928437192375384	8
Mouse_Brain_Visium_10x	GTGAGCGTGCTGCACT-1	33	25	5439	3201	12886.0	3579	29.652335868384295	14
Mouse_Brain_Visium_10x	GTGAGGACACTTAAGG-1	41	77	6397	6780	20707.0	5525	15.019075674892548	4
Mouse_Brain_Visium_10x	GTGAGGAGCGGTTGAG-1	13	87	3044	7468	7373.0	2492	25.227180252271804	6
Mouse_Brain_Visium_10x	GTGAGTCGACTAATAG-1	71	113	9989	9258	50397.0	8690	9.282298549516836	7
Mouse_Brain_Visium_10x	GTGAGTGGTACAACGC-1	52	56	7714	5334	40829.0	7616	11.021577800093072	8
Mouse_Brain_Visium_10x	GTGATCACTAACGCCT-1	47	97	7115	8156	4400.0	1867	15.409090909090908	13
Mouse_Brain_Visium_10x	GTGATCATAGATCTGC-1	45	57	6876	5403	21013.0	5313	14.405368105458527	12
Mouse_Brain_Visium_10x	GTGATCCTTGTCATGA-1	62	84	8912	7262	28508.0	6572	14.30124877227445	11
Mouse_Brain_Visium_10x	GTGATGCACAACATCT-1	12	96	2924	8087	13579.0	4034	21.385963620296046	5
Mouse_Brain_Visium_10x	GTGATTCGCCGCTCAA-1	48	40	7235	4233	30284.0	6455	15.58908994848765	9
Mouse_Brain_Visium_10x	GTGCACCAGCTTCAAC-1	66	54	9391	5197	12732.0	4208	14.043355325164939	8
Mouse_Brain_Visium_10x	GTGCACGAAAGTGACT-1	17	71	3523	6367	15740.0	4396	22.058449809402795	3
Mouse_Brain_Visium_10x	GTGCCATCACACGGTG-1	42	34	6517	3820	29333.0	6474	13.622882078205434	9
Mouse_Brain_Visium_10x	GTGCCCGTTCGGATTC-1	39	85	6157	7330	14202.0	4507	14.117729897197579	4
Mouse_Brain_Visium_10x	GTGCCGCTTCAAAGGT-1	44	44	6756	4509	40906.0	7533	11.734219918838312	9
Mouse_Brain_Visium_10x	GTGCCTGAGACCAAAC-1	69	89	9750	7606	65093.0	9055	9.320510653987373	11
Mouse_Brain_Visium_10x	GTGCGAAATCGAACAC-1	45	43	6876	4440	40261.0	7298	14.279327388788158	9
Mouse_Brain_Visium_10x	GTGCGACAGGGAGTGT-1	36	100	5798	8363	22641.0	6021	12.031270703590831	1
Mouse_Brain_Visium_10x	GTGCGGGTCTCCAAAT-1	20	56	3882	5334	20731.0	5335	19.93150354541508	3
Mouse_Brain_Visium_10x	GTGCGTGTATATGAGC-1	41	83	6397	7193	23522.0	5907	13.102627327608197	4
Mouse_Brain_Visium_10x	GTGCTCAAGTACTGTC-1	34	52	5559	5059	33494.0	6707	16.247686152743775	2
Mouse_Brain_Visium_10x	GTGGAACCTACATGCG-1	15	81	3283	7055	9691.0	2938	27.695800227014754	6
Mouse_Brain_Visium_10x	GTGGACCAACCCGATT-1	45	29	6876	3476	33184.0	6798	14.07907425265188	14
Mouse_Brain_Visium_10x	GTGGACGCATTTGTCC-1	56	64	8193	5885	24736.0	6269	12.960866752910738	8
Mouse_Brain_Visium_10x	GTGGAGCGTTTACCGA-1	58	16	8433	2582	25530.0	6264	15.64042303172738	0
Mouse_Brain_Visium_10x	GTGGAGTCGGCGGTTG-1	54	38	7954	4096	15160.0	4310	24.70976253298153	9
Mouse_Brain_Visium_10x	GTGGCAAACAGCGGCA-1	50	20	7475	2857	36986.0	7945	5.615638349645812	0
Mouse_Brain_Visium_10x	GTGGCGGTCCCAGCGT-1	40	20	6277	2857	17372.0	5135	15.755238314529127	14
Mouse_Brain_Visium_10x	GTGGCTGTTTCTGTTC-1	70	92	9870	7812	50005.0	8252	4.121587841215878	7
Mouse_Brain_Visium_10x	GTGGGAAGACTGAATC-1	45	15	6876	2513	34504.0	7781	8.352654764664965	0
Mouse_Brain_Visium_10x	GTGGGCTTAGACACAC-1	29	39	4960	4164	23902.0	5797	18.416868881265167	2
Mouse_Brain_Visium_10x	GTGGGTACTGAGCGTA-1	50	2	7475	1618	26515.0	6854	6.264378653592306	0
Mouse_Brain_Visium_10x	GTGGTATAGTCTGCCG-1	57	41	8313	4302	36163.0	7202	10.21209523546166	8
Mouse_Brain_Visium_10x	GTGGTGGCCAAGTGAA-1	45	79	6876	6917	19016.0	5236	16.238956668068994	4
Mouse_Brain_Visium_10x	GTGGTTACTTCTTTCG-1	31	105	5199	8707	36738.0	6381	6.6416244760193806	1
Mouse_Brain_Visium_10x	GTGGTTTCCGCCTTTC-1	42	32	6517	3683	25075.0	6151	12.685942173479562	14
Mouse_Brain_Visium_10x	GTGTACCTTGGCTACG-1	26	78	4600	6848	27870.0	6469	12.848941514172946	3
Mouse_Brain_Visium_10x	GTGTATATCAGCGGGC-1	58	76	8433	6711	19979.0	5530	14.179888883327493	11
Mouse_Brain_Visium_10x	GTGTCGTATAGCGTTC-1	54	76	7954	6711	10683.0	3893	13.516802396330618	11
Mouse_Brain_Visium_10x	GTGTGAATAACTTAGG-1	33	83	5439	7193	24718.0	6142	12.233999514523829	4
Mouse_Brain_Visium_10x	GTGTTACTATGCGTCC-1	41	75	6397	6642	21519.0	5411	16.37157860495376	4
Mouse_Brain_Visium_10x	GTTAAAGTAGGACTGG-1	49	83	7355	7193	9888.0	3224	19.023058252427187	11
Mouse_Brain_Visium_10x	GTTAACATCACTTAAA-1	55	73	8073	6504	22506.0	5970	12.525548742557541	4
Mouse_Brain_Visium_10x	GTTAACTATGTTGTCA-1	43	111	6636	9120	20534.0	5237	12.632706730300963	1
Mouse_Brain_Visium_10x	GTTAAGGGTGCGATGT-1	61	71	8792	6367	18319.0	5146	18.03591899121131	10
Mouse_Brain_Visium_10x	GTTACAATTGGTGACG-1	37	33	5918	3751	25397.0	5845	16.320825294326102	14
Mouse_Brain_Visium_10x	GTTACCTACAACTTGC-1	47	67	7115	6092	24524.0	5967	15.898711466318707	4
Mouse_Brain_Visium_10x	GTTACTTTGGGCCTAG-1	43	51	6636	4990	30566.0	6800	11.460446247464503	12
Mouse_Brain_Visium_10x	GTTAGCCCATGACATC-1	67	75	9510	6642	23175.0	5640	17.083063646170444	10
Mouse_Brain_Visium_10x	GTTAGCCGTAAATCAA-1	30	110	5079	9051	58619.0	8443	7.906992613316502	5
Mouse_Brain_Visium_10x	GTTAGGCTACCCGTTT-1	54	14	7954	2444	30478.0	7036	9.656145416365904	0
Mouse_Brain_Visium_10x	GTTATAATACGGTGAA-1	53	107	7834	8845	1438.0	733	11.613351877607789	1
Mouse_Brain_Visium_10x	GTTATATCAGGAGCCA-1	23	115	4241	9395	8122.0	2974	10.760896330952967	5
Mouse_Brain_Visium_10x	GTTATATTATCTCCCT-1	48	56	7235	5334	36879.0	7190	11.20149678678923	12
Mouse_Brain_Visium_10x	GTTATCAAGCTATCGA-1	71	103	9989	8569	41097.0	7982	7.842421587950459	7
Mouse_Brain_Visium_10x	GTTCACAGGAGTCTAG-1	32	34	5319	3820	23361.0	5551	19.074525919267156	2
Mouse_Brain_Visium_10x	GTTCATCGTTTGGCTG-1	33	105	5439	8707	35757.0	6384	7.6180887658360605	1
Mouse_Brain_Visium_10x	GTTCGCCATAAGTGCC-1	37	53	5918	5128	34876.0	7110	11.380318843904117	12
Mouse_Brain_Visium_10x	GTTCGCTGAGACGTCT-1	53	109	7834	8982	2258.0	1145	13.108945969884852	1
Mouse_Brain_Visium_10x	GTTCGGATCGGGAACA-1	44	110	6756	9051	16145.0	4697	13.186745122328894	1
Mouse_Brain_Visium_10x	GTTCGGGCGTACCATT-1	32	108	5319	8913	5239.0	2240	14.46841000190876	5
Mouse_Brain_Visium_10x	GTTCGTCTAAAGAACT-1	51	89	7594	7606	18187.0	5146	16.478803540990818	13
Mouse_Brain_Visium_10x	GTTGAACCGGTTCCAT-1	42	40	6517	4233	36580.0	7304	12.709130672498633	9
Mouse_Brain_Visium_10x	GTTGAGTCCCGCCGGT-1	52	78	7714	6849	24380.0	6054	15.09433962264151	11
Mouse_Brain_Visium_10x	GTTGCACGGAGTTTCG-1	24	48	4361	4784	23828.0	5663	20.618599966426054	2
Mouse_Brain_Visium_10x	GTTGGACCGCATCAGG-1	20	116	3882	9464	22682.0	5840	12.088881051053699	5
Mouse_Brain_Visium_10x	GTTGGATTCAGTGGCT-1	16	96	3403	8087	23031.0	6050	11.467152967739134	6
Mouse_Brain_Visium_10x	GTTGGATTGAGAACAC-1	32	88	5319	7537	19703.0	5300	14.525706745165712	4
Mouse_Brain_Visium_10x	GTTGGATTTGCGTTGG-1	36	50	5798	4921	36919.0	7216	12.039871069097213	2
Mouse_Brain_Visium_10x	GTTGGTCATGCTATCC-1	55	63	8073	5816	26943.0	6468	12.942137104257135	8
Mouse_Brain_Visium_10x	GTTTACGTTCCATCTG-1	48	64	7235	5885	23634.0	6122	12.87974951341288	4
Mouse_Brain_Visium_10x	GTTTCAAACGAGTTGT-1	61	109	8792	8982	40100.0	7697	9.920199501246882	7
Mouse_Brain_Visium_10x	GTTTCATATCGTCGCT-1	39	27	6157	3338	28140.0	6350	16.07675906183369	14
Mouse_Brain_Visium_10x	GTTTCCTGGAGGGTGA-1	25	49	4481	4853	23339.0	5781	18.04276104374652	2
Mouse_Brain_Visium_10x	GTTTCTAGAGGCGCGG-1	69	93	9750	7881	49934.0	8360	9.800937237153041	7
Mouse_Brain_Visium_10x	GTTTCTGCAGTCTCCC-1	40	72	6277	6436	16379.0	4630	18.99993894621161	4
Mouse_Brain_Visium_10x	GTTTGACCAAATCCTA-1	30	58	5079	5472	39380.0	7061	15.80243778567801	12
Mouse_Brain_Visium_10x	GTTTGGCCCAAGTTAT-1	42	80	6516	6986	22731.0	5753	13.400202366811842	4
Mouse_Brain_Visium_10x	GTTTGGGCTTGTGAGC-1	51	65	7594	5954	24885.0	6197	11.52903355435001	4
Mouse_Brain_Visium_10x	GTTTGGGTTTCGCCCG-1	63	91	9031	7743	17894.0	5245	10.12629931820722	11
Mouse_Brain_Visium_10x	GTTTGGTAGGGTCAAC-1	53	59	7834	5541	40592.0	7670	9.152049664958612	8
Mouse_Brain_Visium_10x	GTTTGTTAGCCAAGTA-1	53	3	7834	1687	24546.0	6479	9.753116597408946	0
Mouse_Brain_Visium_10x	TAAACCCAGGAGGGCA-1	54	36	7954	3958	19490.0	5293	19.394561313494098	9
Mouse_Brain_Visium_10x	TAAAGCGGTATTTCCA-1	63	49	9031	4853	7516.0	2312	22.205960617349653	8
Mouse_Brain_Visium_10x	TAAAGCGTTAGGAGAA-1	28	88	4840	7537	28202.0	6382	10.76873980568754	6
Mouse_Brain_Visium_10x	TAAAGCTGCAATAGGG-1	17	97	3523	8156	40157.0	7826	8.982244689593347	6
Mouse_Brain_Visium_10x	TAAATGCCGTCTCATG-1	11	103	2804	8569	17042.0	4879	18.25489965966436	5
Mouse_Brain_Visium_10x	TAACATACAATGTGGG-1	38	70	6037	6298	26527.0	6277	13.126248727711387	12
Mouse_Brain_Visium_10x	TAACATACACGCGATC-1	55	25	8073	3201	32126.0	7203	7.8627902633381055	9
Mouse_Brain_Visium_10x	TAACCTACCGTCCGAG-1	33	101	5439	8431	17827.0	5610	8.627362988724968	1
Mouse_Brain_Visium_10x	TAACCTAGGGAGTCCA-1	60	106	8672	8776	37738.0	7515	10.46160368858975	7
Mouse_Brain_Visium_10x	TAACTATTACGCCAAA-1	29	107	4960	8844	13066.0	4048	13.271085259452011	5
Mouse_Brain_Visium_10x	TAACTCATCCGCGCGG-1	43	49	6636	4853	38244.0	7205	14.878150821043823	8
Mouse_Brain_Visium_10x	TAAGAGGGACAGGGAC-1	63	19	9031	2788	10255.0	4191	13.076548025353485	0
Mouse_Brain_Visium_10x	TAAGCCCTTACGACCA-1	14	114	3163	9326	37271.0	7583	10.831477556277	5
Mouse_Brain_Visium_10x	TAAGGCAACATAAGAT-1	25	71	4481	6367	39896.0	7443	13.214357329055545	3
Mouse_Brain_Visium_10x	TAAGGCATAACATCAA-1	57	49	8313	4853	44011.0	7426	14.95989638953898	8
Mouse_Brain_Visium_10x	TAAGGCCCGTCACCCT-1	62	70	8912	6298	21346.0	5704	14.466410568724818	10
Mouse_Brain_Visium_10x	TAAGGCTGAATCCCTC-1	45	97	6876	8156	14145.0	4364	14.803817603393426	13
Mouse_Brain_Visium_10x	TAAGGGCCTGTCCGAT-1	57	95	8313	8019	20523.0	5343	15.743312381230815	13
Mouse_Brain_Visium_10x	TAAGTAACATCTTGAC-1	46	40	6996	4233	35823.0	7278	12.402646344527259	9
Mouse_Brain_Visium_10x	TAAGTCGCCGAGTATC-1	54	32	7954	3683	9439.0	3322	17.989193770526537	9
Mouse_Brain_Visium_10x	TAAGTTGCGACGTAGG-1	53	95	7834	8019	12854.0	4295	12.447487163528862	13
Mouse_Brain_Visium_10x	TAATAAACAAGGAGAT-1	17	91	3523	7743	34240.0	7163	11.139018691588785	6
Mouse_Brain_Visium_10x	TAATACACAGTAGTAT-1	20	64	3882	5885	29961.0	6461	16.227762758252396	3
Mouse_Brain_Visium_10x	TAATACTAGAACAGAC-1	69	77	9750	6780	50765.0	8357	14.238156209987196	10
Mouse_Brain_Visium_10x	TAATAGAACAGAGTTA-1	50	38	7475	4096	24605.0	6020	17.524893314367	9
Mouse_Brain_Visium_10x	TAATAGGTCACCAGAA-1	61	21	8792	2926	17730.0	5549	14.980259447264524	0
Mouse_Brain_Visium_10x	TAATAGTGACGACCAG-1	27	83	4720	7193	25260.0	6186	11.072842438638162	3
Mouse_Brain_Visium_10x	TAATCGATCCGTACGT-1	25	93	4481	7881	24748.0	6200	10.526103119443995	6
Mouse_Brain_Visium_10x	TAATTACGTCAGTAGA-1	62	102	8912	8500	31123.0	6712	11.48668187514057	7
Mouse_Brain_Visium_10x	TAATTAGGACATCCGT-1	42	108	6516	8913	4090.0	1678	12.93398533007335	1
Mouse_Brain_Visium_10x	TAATTGGAATCGGGAA-1	17	105	3523	8707	36718.0	7519	9.673729505964378	5
Mouse_Brain_Visium_10x	TAATTTCCGTCCAGTA-1	40	0	6277	1480	21147.0	5995	15.141627654040763	0
Mouse_Brain_Visium_10x	TACAACAGCGCATACA-1	75	111	10468	9120	38950.0	7714	15.820282413350451	7
Mouse_Brain_Visium_10x	TACAACGCACAACTCA-1	41	49	6397	4853	51933.0	8159	11.195193807405696	12
Mouse_Brain_Visium_10x	TACAAGGGCTTCTTTA-1	68	94	9630	7950	33685.0	7253	10.19741724803325	7
Mouse_Brain_Visium_10x	TACAAGTCTCGTGCAT-1	31	27	5199	3338	13314.0	3524	30.629412648340093	14
Mouse_Brain_Visium_10x	TACACAGCCGTGGTGC-1	72	74	10109	6573	27645.0	6300	21.298607343100016	10
Mouse_Brain_Visium_10x	TACACCTCTTCGAATC-1	71	91	9989	7743	37496.0	7305	13.718796671644975	7
Mouse_Brain_Visium_10x	TACAGAAACGGTGGGC-1	59	85	8552	7330	30705.0	6895	12.496336101612115	11
Mouse_Brain_Visium_10x	TACATAGGCATACACC-1	40	60	6277	5610	13973.0	4339	11.794174479353039	12
Mouse_Brain_Visium_10x	TACATCCCTATCCCTG-1	44	14	6756	2444	24064.0	6680	5.697307180851064	0
Mouse_Brain_Visium_10x	TACATTTCTAACGTGC-1	39	55	6157	5266	35592.0	7070	8.080467520791188	12
Mouse_Brain_Visium_10x	TACCAAATAGCCCAGA-1	59	61	8552	5679	39098.0	7219	13.535219192797584	8
Mouse_Brain_Visium_10x	TACCAATAAAGTACCA-1	55	83	8073	7193	30903.0	6665	17.80733262142834	11
Mouse_Brain_Visium_10x	TACCAGAAGTAGGTTC-1	49	51	7355	4990	29506.0	6582	11.750152511353622	8
Mouse_Brain_Visium_10x	TACCGAATAATTGTAA-1	67	93	9510	7881	46461.0	8519	8.488840102451519	7
Mouse_Brain_Visium_10x	TACCGCGGACTTGCAG-1	33	97	5439	8156	18460.0	5469	12.06392199349946	1
Mouse_Brain_Visium_10x	TACCGGCTCACTGCCC-1	47	65	7115	5954	28163.0	6444	12.331782835635408	4
Mouse_Brain_Visium_10x	TACCGGTCGTTTCCAT-1	44	34	6756	3820	25782.0	6156	13.52493988053681	9
Mouse_Brain_Visium_10x	TACCGTAGGTTAACTA-1	59	57	8552	5403	29825.0	6400	15.362950544844928	8
Mouse_Brain_Visium_10x	TACCGTGCCTCGGACC-1	51	69	7594	6229	22664.0	5816	14.626720790681258	4
Mouse_Brain_Visium_10x	TACCTACTCCCAGTAT-1	58	62	8433	5747	28697.0	6491	11.227654458654216	8
Mouse_Brain_Visium_10x	TACCTATCCCTAGAGG-1	40	2	6277	1618	21218.0	5726	19.978320294089926	0
Mouse_Brain_Visium_10x	TACCTCAGTTGTCTGT-1	60	50	8672	4922	20950.0	5219	20.92124105011933	8
Mouse_Brain_Visium_10x	TACCTTAAGATTTCCC-1	49	29	7355	3476	14767.0	4940	11.27514051601544	9
Mouse_Brain_Visium_10x	TACGAACACGACTTCA-1	31	53	5199	5128	34901.0	6695	16.993782413111372	2
Mouse_Brain_Visium_10x	TACGACGCTTGCTGCG-1	46	54	6996	5197	34143.0	6840	12.307061476730222	12
Mouse_Brain_Visium_10x	TACGACTGCCTCTTAG-1	44	66	6756	6023	17891.0	5004	16.13660499692583	12
Mouse_Brain_Visium_10x	TACGAGAACTTCACGT-1	35	39	5678	4164	29811.0	6499	16.155110529670257	2
Mouse_Brain_Visium_10x	TACGATGTTGATCATC-1	35	35	5678	3889	24333.0	5815	16.95228701763038	14
Mouse_Brain_Visium_10x	TACGCAGTTCTTTCCT-1	41	51	6397	4990	29596.0	6514	12.05568320043249	12
Mouse_Brain_Visium_10x	TACGCCATATTCTAAT-1	40	58	6277	5472	10260.0	3476	13.362573099415204	12
Mouse_Brain_Visium_10x	TACGCCGAGGGTACCC-1	56	34	8193	3820	6646.0	2469	19.003912127595544	9
Mouse_Brain_Visium_10x	TACGCCTCCATTCCGA-1	55	59	8073	5541	33864.0	7133	9.408221119773211	8
Mouse_Brain_Visium_10x	TACGCTATAGAAACCT-1	34	104	5558	8638	44389.0	6988	7.535650724278538	1
Mouse_Brain_Visium_10x	TACGCTCGGTATTGGA-1	61	113	8792	9258	32165.0	6854	11.341520286025181	7
Mouse_Brain_Visium_10x	TACGGAAGCCAAACCA-1	69	73	9750	6505	50724.0	8241	12.422127592461162	10
Mouse_Brain_Visium_10x	TACGGGATGCTAGCAG-1	21	83	4002	7193	35220.0	7226	11.158432708688245	6
Mouse_Brain_Visium_10x	TACGGGTAATAACATA-1	72	88	10109	7537	27467.0	6687	12.229220519168457	7
Mouse_Brain_Visium_10x	TACGTAAAGCGGAGTG-1	63	103	9031	8569	34344.0	7120	11.122757978103891	7
Mouse_Brain_Visium_10x	TACGTGGGCCCAGGGC-1	69	81	9750	7055	49369.0	8217	12.671919625676031	10
Mouse_Brain_Visium_10x	TACGTTTACCGGCAAT-1	40	32	6277	3683	25018.0	5976	14.193780478055801	14
Mouse_Brain_Visium_10x	TACTACGTGCAATGCG-1	71	85	9989	7330	31394.0	6518	19.4272790979168	11
Mouse_Brain_Visium_10x	TACTATGGTTCCTCAG-1	57	47	8313	4715	34509.0	6826	14.344084151960356	8
Mouse_Brain_Visium_10x	TACTCGGCACGCCGGG-1	36	16	5798	2581	8719.0	2537	38.30714531482968	0
Mouse_Brain_Visium_10x	TACTCGTTTGAATCAA-1	72	86	10109	7399	25770.0	6445	10.275514163756306	11
Mouse_Brain_Visium_10x	TACTCTCCGAACAAAT-1	21	81	4002	7055	45191.0	8065	11.840853267243476	6
Mouse_Brain_Visium_10x	TACTCTTACTTTACTG-1	59	111	8552	9120	25426.0	6154	10.945488869660977	7
Mouse_Brain_Visium_10x	TACTCTTTCGTCTTCA-1	58	46	8433	4646	39180.0	7388	7.930066360387953	8
Mouse_Brain_Visium_10x	TACTGAACAGATTTAG-1	56	44	8193	4509	34930.0	7092	12.241626109361581	8
Mouse_Brain_Visium_10x	TACTGAGGGAAGAAAG-1	60	6	8672	1893	22199.0	6269	15.834046578674716	0
Mouse_Brain_Visium_10x	TACTGCAATCAATTAC-1	22	102	4121	8500	27357.0	6520	12.081003033958401	5
Mouse_Brain_Visium_10x	TACTGGACAGCTCGGC-1	35	25	5678	3201	22743.0	5388	20.740447610253703	14
Mouse_Brain_Visium_10x	TACTTAAACATGTACA-1	66	108	9391	8913	45021.0	8369	6.89678150196575	7
Mouse_Brain_Visium_10x	TACTTGTTAGTAGTCC-1	37	87	5918	7468	10610.0	3499	14.250706880301603	4
Mouse_Brain_Visium_10x	TACTTTACTGAGCCGG-1	30	96	5079	8087	8115.0	2734	10.918052988293283	6
Mouse_Brain_Visium_10x	TACTTTCCGCACGCCA-1	47	19	7115	2788	25742.0	6664	8.476419858596845	0
Mouse_Brain_Visium_10x	TAGAAAGGTGGCGCTA-1	31	81	5199	7055	18192.0	4841	13.170624450307827	4
Mouse_Brain_Visium_10x	TAGAATAGCCGATGAA-1	62	100	8912	8363	44432.0	8115	8.867482895210658	7
Mouse_Brain_Visium_10x	TAGACGAAACGCCAAT-1	63	73	9031	6505	37666.0	7498	12.727658896617639	10
Mouse_Brain_Visium_10x	TAGACGCCCGTACCGG-1	32	90	5319	7674	24965.0	6187	13.542960144201881	6
Mouse_Brain_Visium_10x	TAGACTACCTAGCGTT-1	38	104	6037	8638	34799.0	6989	5.74441794304434	1
Mouse_Brain_Visium_10x	TAGAGATCATGCAACT-1	44	26	6756	3270	19853.0	5152	19.654460283080645	14
Mouse_Brain_Visium_10x	TAGAGGTTCTACTTGT-1	54	96	7954	8087	8438.0	3125	15.7146243185589	13
Mouse_Brain_Visium_10x	TAGAGTCTAAGCGAAC-1	29	55	4960	5266	43362.0	7671	14.574973479083067	2
Mouse_Brain_Visium_10x	TAGATATGGACTGGAA-1	49	53	7355	5128	39992.0	7497	11.499799959991998	8
Mouse_Brain_Visium_10x	TAGATGGTTCCTTACT-1	59	97	8552	8156	21082.0	5875	12.347025898871076	13
Mouse_Brain_Visium_10x	TAGCAGATACTTAGGG-1	73	93	10229	7881	11804.0	4134	13.978312436462218	7
Mouse_Brain_Visium_10x	TAGCAGTATGACTAAA-1	66	98	9391	8225	37907.0	7816	8.58416651278128	7
Mouse_Brain_Visium_10x	TAGCCATTTCAAAGTC-1	43	89	6636	7606	7868.0	2835	16.44636502287748	13
Mouse_Brain_Visium_10x	TAGCCGGCGGTCAGCG-1	33	85	5439	7330	28301.0	6346	12.868803222500972	4
Mouse_Brain_Visium_10x	TAGCGTCCCTCGATTG-1	45	109	6876	8982	9224.0	3279	14.917606244579359	1
Mouse_Brain_Visium_10x	TAGCGTCCGGTGTGGT-1	53	77	7834	6780	19222.0	5145	18.45281448340443	11
Mouse_Brain_Visium_10x	TAGCGTTGGGTCTTAC-1	38	68	6037	6160	19374.0	5202	14.793021575307113	12
Mouse_Brain_Visium_10x	TAGCTAAGTCCGGGAG-1	29	57	4960	5403	40958.0	7226	16.00908247473021	2
Mouse_Brain_Visium_10x	TAGCTAGAAGGCATGA-1	51	51	7594	4990	32885.0	6989	11.962901018701535	8
Mouse_Brain_Visium_10x	TAGCTAGTGATGATGG-1	60	48	8672	4784	19787.0	4707	29.140344670743417	8
Mouse_Brain_Visium_10x	TAGCTCGCCTGATAAC-1	50	58	7475	5472	38969.0	7438	11.237137211629756	12
Mouse_Brain_Visium_10x	TAGCTGATGTGAAGCG-1	42	10	6517	2168	35654.0	7654	6.773433555842262	0
Mouse_Brain_Visium_10x	TAGGAGGCTCGAGAAC-1	73	115	10229	9395	34362.0	7214	10.607647983237296	7
Mouse_Brain_Visium_10x	TAGGCATGTTACGCCA-1	23	85	4241	7330	29900.0	6318	12.133779264214047	6
Mouse_Brain_Visium_10x	TAGGCCTATATAGTCT-1	66	110	9391	9051	42360.0	8183	8.113786591123702	7
Mouse_Brain_Visium_10x	TAGGCGATGAGGTCTC-1	55	11	8073	2237	16602.0	4957	21.985302975545114	0
Mouse_Brain_Visium_10x	TAGGCTAAAGTGGCAC-1	65	99	9271	8294	42146.0	8085	9.417263797276135	7
Mouse_Brain_Visium_10x	TAGGGAGCTTGGGATG-1	36	96	5798	8087	20632.0	5817	13.236719658782473	1
Mouse_Brain_Visium_10x	TAGGGTGTTTCAAGAG-1	22	54	4121	5197	27538.0	6092	18.38913501343598	2
Mouse_Brain_Visium_10x	TAGGTCGCCGGAACTG-1	32	100	5319	8363	21843.0	6342	8.15822002472188	1
Mouse_Brain_Visium_10x	TAGGTGACGATAACCT-1	61	79	8792	6917	25307.0	6257	13.75113604931442	11
Mouse_Brain_Visium_10x	TAGGTGAGCCCTACTC-1	29	33	4960	3751	24311.0	5811	18.78573485253589	2
Mouse_Brain_Visium_10x	TAGGTGCTCGCCTAGC-1	40	86	6277	7399	17528.0	4933	16.927202190780466	4
Mouse_Brain_Visium_10x	TAGGTGTTCCACAGAT-1	60	60	8672	5610	27248.0	6256	14.202877275396359	8
Mouse_Brain_Visium_10x	TAGGTTCGAGTTCGTC-1	35	67	5678	6091	12141.0	3981	11.45704637179804	12
Mouse_Brain_Visium_10x	TAGTACCACAACTTTC-1	63	13	9031	2375	13330.0	4833	12.23555888972243	0
Mouse_Brain_Visium_10x	TAGTAGCTTATACCAG-1	61	43	8792	4440	10344.0	3418	14.365815931941222	8
Mouse_Brain_Visium_10x	TAGTCCGCAGAGAATG-1	39	53	6157	5128	43022.0	7713	10.001859513737157	12
Mouse_Brain_Visium_10x	TAGTCGATCACGGGTT-1	48	96	7235	8087	5834.0	2276	15.169694892012341	13
Mouse_Brain_Visium_10x	TAGTCTAACAACGAGA-1	40	34	6277	3820	36338.0	7189	12.675436182508667	14
Mouse_Brain_Visium_10x	TAGTCTGTGACGTTGC-1	23	103	4241	8569	18380.0	5410	12.159956474428727	5
Mouse_Brain_Visium_10x	TAGTGCCCTCCAGAGT-1	32	52	5319	5059	35664.0	6881	15.626401973979362	2
Mouse_Brain_Visium_10x	TATACACAGACGCCTT-1	50	60	7475	5610	25573.0	6243	11.735033042662183	12
Mouse_Brain_Visium_10x	TATACGCGTCATCACT-1	60	68	8672	6160	21215.0	5605	16.309215177940136	10
Mouse_Brain_Visium_10x	TATAGATGGTCGCAGT-1	40	102	6277	8500	17368.0	5308	10.86480884385076	1
Mouse_Brain_Visium_10x	TATAGCGCACGTTATC-1	47	7	7115	1962	33886.0	7615	5.840169981703358	0
Mouse_Brain_Visium_10x	TATATATCGAGAAATG-1	60	28	8672	3407	22963.0	6452	13.26481731481078	9
Mouse_Brain_Visium_10x	TATATCCCTGGGAGGA-1	36	98	5798	8225	25810.0	6516	10.751646648585819	1
Mouse_Brain_Visium_10x	TATATTACAAATGTCG-1	17	107	3523	8844	23076.0	6144	11.479459178367135	5
Mouse_Brain_Visium_10x	TATCACCCAACCGACC-1	24	100	4361	8363	26423.0	6386	10.331907807591872	6
Mouse_Brain_Visium_10x	TATCACTTCGAGTAAC-1	17	99	3523	8294	31673.0	7092	8.24045717172355	5
Mouse_Brain_Visium_10x	TATCAGTGGCGTAGTC-1	54	8	7954	2031	20331.0	5651	16.890462839998033	0
Mouse_Brain_Visium_10x	TATCCAATTGGTTATC-1	55	79	8073	6917	19284.0	5341	15.442854179630782	11
Mouse_Brain_Visium_10x	TATCCATCTCGGTTAG-1	61	17	8792	2650	13819.0	5047	10.48556335480136	0
Mouse_Brain_Visium_10x	TATCCGCACCGTCGGG-1	59	53	8552	5128	37422.0	7253	12.49265138154027	8
Mouse_Brain_Visium_10x	TATCGATCTATGCATA-1	22	88	4121	7537	29035.0	6574	12.505596693645602	6
Mouse_Brain_Visium_10x	TATCGATGATTAAACG-1	23	49	4241	4853	34155.0	6787	17.4293661250183	2
Mouse_Brain_Visium_10x	TATCTACCACAGCGGG-1	42	60	6517	5610	25975.0	6332	12.754571703561115	12
Mouse_Brain_Visium_10x	TATCTGAGCCGATATT-1	64	8	9151	2031	10169.0	4039	12.547939817091159	0
Mouse_Brain_Visium_10x	TATCTTGCAATACAAC-1	56	16	8193	2582	20534.0	5403	22.221681114249535	0
Mouse_Brain_Visium_10x	TATGAAGAATTAAGGT-1	67	99	9510	8294	43925.0	8202	8.321001707455892	7
Mouse_Brain_Visium_10x	TATGACCTTGCGCTGG-1	48	0	7235	1480	36324.0	7915	6.654002863120802	0
Mouse_Brain_Visium_10x	TATGATCCGGCACGCC-1	26	112	4600	9189	17602.0	4907	16.606067492330418	5
Mouse_Brain_Visium_10x	TATGATCTTCTCTTTA-1	58	90	8433	7675	20354.0	5636	12.395597916871377	11
Mouse_Brain_Visium_10x	TATGCTCCCTACTTAC-1	25	61	4481	5678	23442.0	6003	14.384438187867929	3
Mouse_Brain_Visium_10x	TATGGATGTGCTACGC-1	26	54	4600	5197	24739.0	5799	17.830146731880838	2
Mouse_Brain_Visium_10x	TATGGCCCGGCCTCGC-1	30	30	5080	3545	18534.0	4661	23.416423869644976	14
Mouse_Brain_Visium_10x	TATGGGACCGAGCAGG-1	36	56	5798	5334	31686.0	6710	12.993119989900903	12
Mouse_Brain_Visium_10x	TATGGGTACGTATCGT-1	32	58	5319	5472	37133.0	7227	12.536019174319337	12
Mouse_Brain_Visium_10x	TATGGTCTGAGTAACA-1	36	58	5798	5472	40887.0	7636	9.474894220656932	12
Mouse_Brain_Visium_10x	TATGGTTAGTGGGAGA-1	41	105	6397	8707	10067.0	3382	10.489718883480679	1
Mouse_Brain_Visium_10x	TATGTAGAAACCCGGC-1	61	7	8792	1962	21302.0	6356	10.271336024786406	0
Mouse_Brain_Visium_10x	TATGTCAAGACCGACT-1	20	92	3882	7812	26773.0	6394	11.141821984835468	6
Mouse_Brain_Visium_10x	TATGTCTCATTGTGCC-1	30	82	5079	7124	20375.0	5498	9.830674846625767	4
Mouse_Brain_Visium_10x	TATTAACACCAAAGCA-1	54	10	7954	2169	32461.0	7108	15.132004559317336	0
Mouse_Brain_Visium_10x	TATTAACCTGACCGCG-1	57	45	8313	4577	39579.0	7490	9.487354405113823	8
Mouse_Brain_Visium_10x	TATTACCATCCTGCTT-1	38	96	6037	8087	22270.0	5451	13.744948361023798	1
Mouse_Brain_Visium_10x	TATTATGTTTGCCTGC-1	57	17	8313	2650	14011.0	4529	19.541788594675612	0
Mouse_Brain_Visium_10x	TATTCAATTCTAATCC-1	34	74	5558	6573	6607.0	2571	11.427274103223853	3
Mouse_Brain_Visium_10x	TATTCCACTCAGCTCG-1	49	57	7355	5403	37720.0	7363	9.013785790031813	12
Mouse_Brain_Visium_10x	TATTCCGAGCTGTTAT-1	54	86	7954	7399	20276.0	5391	15.29394357861511	11
Mouse_Brain_Visium_10x	TATTCCTCCGCCCACT-1	48	32	7235	3683	18174.0	5061	18.55397821063057	9
Mouse_Brain_Visium_10x	TATTCGTGCCAGAATA-1	34	64	5558	5885	34045.0	6925	8.905859891320311	12
Mouse_Brain_Visium_10x	TATTGCCGGGCTTGTA-1	67	113	9510	9258	38185.0	7625	9.254943040460914	7
Mouse_Brain_Visium_10x	TATTTAGTCTAGATCG-1	18	58	3642	5472	13946.0	3847	25.297576365983076	3
Mouse_Brain_Visium_10x	TATTTATACCGAGTAG-1	16	78	3403	6848	14214.0	4201	19.656676516110878	6
Mouse_Brain_Visium_10x	TATTTGTTACCCTTTA-1	24	46	4361	4646	20445.0	5202	20.811934458302765	2
Mouse_Brain_Visium_10x	TCAAACAACCGCGTCG-1	24	60	4361	5610	28559.0	6429	14.674883574354844	3
Mouse_Brain_Visium_10x	TCAAACTTAGATTGTT-1	31	65	5199	5954	35110.0	7018	14.115636570777557	3
Mouse_Brain_Visium_10x	TCAAAGAGCTATCTGT-1	49	5	7355	1824	32957.0	7670	5.473799192887703	0
Mouse_Brain_Visium_10x	TCAAATTGTTGTGCCG-1	68	78	9630	6849	27250.0	6190	17.603669724770644	10
Mouse_Brain_Visium_10x	TCAAATTTGAGACTCA-1	60	70	8672	6298	31728.0	7020	14.000252143217349	10
Mouse_Brain_Visium_10x	TCAACAAAGATAATTC-1	53	29	7834	3476	26877.0	6126	21.189120809614167	9
Mouse_Brain_Visium_10x	TCAACATAGCGCCCTA-1	58	44	8433	4509	26442.0	6058	16.065350578624916	8
Mouse_Brain_Visium_10x	TCAACATCGACCGAGA-1	44	16	6756	2581	37645.0	7765	8.662504980741135	0
Mouse_Brain_Visium_10x	TCAACCATGTTCGGGC-1	25	51	4481	4990	29156.0	6234	18.627383728906572	2
Mouse_Brain_Visium_10x	TCAACGAGGAGACAAA-1	42	56	6517	5334	30374.0	6517	12.734575623888853	12
Mouse_Brain_Visium_10x	TCAACGCAGGAAATAA-1	49	31	7355	3614	23114.0	6310	12.252314614519339	9
Mouse_Brain_Visium_10x	TCAACGCGACCGGCAG-1	39	23	6157	3063	21664.0	5219	24.64457163958641	14
Mouse_Brain_Visium_10x	TCAACTGCAGAGTCAG-1	56	108	8193	8913	10689.0	3694	13.041444475629152	7
Mouse_Brain_Visium_10x	TCAAGAAATACTAGCT-1	34	108	5558	8913	6729.0	2857	9.050378956754347	1
Mouse_Brain_Visium_10x	TCAAGCGCGGACGGTA-1	58	114	8432	9326	16699.0	4570	14.228396909994611	1
Mouse_Brain_Visium_10x	TCAAGGTTACTACACC-1	47	103	7115	8569	6752.0	2584	11.122630331753554	1
Mouse_Brain_Visium_10x	TCAATACGCCGTCATG-1	63	61	9031	5679	30592.0	6480	16.285303347280337	10
Mouse_Brain_Visium_10x	TCAATCCGGGAAGTTT-1	74	104	10349	8638	24901.0	6311	14.481346130677483	7
Mouse_Brain_Visium_10x	TCACAAACCGAGGTAC-1	61	95	8792	8019	45103.0	8229	9.017138549542159	11
Mouse_Brain_Visium_10x	TCACAGCAAACTCGAA-1	51	49	7594	4853	36728.0	7222	14.08189936832934	8
Mouse_Brain_Visium_10x	TCACAGGAGAATAAGA-1	55	49	8073	4853	43371.0	7589	13.359157040418712	8
Mouse_Brain_Visium_10x	TCACAGGGAATCGCAA-1	47	79	7115	6917	21724.0	5703	14.845332351316518	4
Mouse_Brain_Visium_10x	TCACAGGTTATTGGGC-1	32	48	5319	4784	35617.0	6960	12.895527416683045	2
Mouse_Brain_Visium_10x	TCACCCTCTTAAGATT-1	45	59	6876	5541	23818.0	5977	13.888655638592661	12
Mouse_Brain_Visium_10x	TCACCGCTCGGCACTC-1	30	92	5079	7812	9879.0	3305	10.770320882680434	6
Mouse_Brain_Visium_10x	TCACGATGTCCGTGGA-1	52	28	7714	3407	26028.0	6222	17.000922083909636	9
Mouse_Brain_Visium_10x	TCACGCATTGTAGATC-1	33	49	5439	4853	29377.0	6310	16.580998740511284	2
Mouse_Brain_Visium_10x	TCACGGTCATCGCACA-1	23	45	4241	4577	21669.0	5447	22.3868198809359	2
Mouse_Brain_Visium_10x	TCACGTGCCCGATTCA-1	38	62	6038	5747	15938.0	4530	10.772995357008408	12
Mouse_Brain_Visium_10x	TCACTACGACCAATGC-1	13	95	3044	8018	21892.0	5649	15.407454778001096	5
Mouse_Brain_Visium_10x	TCACTATCCCTTCGGT-1	72	104	10109	8638	44073.0	8069	4.222539877022213	7
Mouse_Brain_Visium_10x	TCACTCGTGCAACGGC-1	15	93	3283	7881	28151.0	6537	12.361905438527938	6
Mouse_Brain_Visium_10x	TCAGAACCTCCACAGG-1	30	106	5079	8776	28848.0	6210	8.392262895174708	5
Mouse_Brain_Visium_10x	TCAGACGCTATAGAAG-1	48	72	7235	6436	26912.0	6399	11.519024970273485	4
Mouse_Brain_Visium_10x	TCAGCAAATGCATCTC-1	31	73	5199	6504	35875.0	7082	10.570034843205574	3
Mouse_Brain_Visium_10x	TCAGCCAATCCGTAAA-1	63	105	9031	8707	49423.0	8301	9.430831798959998	7
Mouse_Brain_Visium_10x	TCAGCTTGAGCTTTCG-1	62	2	8912	1618	13824.0	4932	12.290219907407407	0
Mouse_Brain_Visium_10x	TCAGGGTGTAACGTAA-1	28	72	4840	6436	32728.0	6804	13.621363969689563	3
Mouse_Brain_Visium_10x	TCAGGTTCTTTGAGAA-1	30	42	5080	4371	28420.0	6312	16.68191414496833	2
Mouse_Brain_Visium_10x	TCAGTACTGACCCGCG-1	26	34	4601	3820	14722.0	3770	29.493275370194265	2
Mouse_Brain_Visium_10x	TCAGTAGGGACTATAA-1	46	48	6996	4784	25604.0	6115	14.626620840493674	8
Mouse_Brain_Visium_10x	TCAGTGTATACGTCAT-1	58	36	8433	3958	12102.0	4140	15.01404726491489	9
Mouse_Brain_Visium_10x	TCATATGAGCTTTGTT-1	64	62	9151	5747	34928.0	7255	8.737975263398992	10
Mouse_Brain_Visium_10x	TCATCCTCAGCTGCTT-1	68	90	9630	7675	37338.0	7589	10.129091006481334	11
Mouse_Brain_Visium_10x	TCATCGACGACCGTCG-1	70	84	9870	7262	26240.0	6496	11.402439024390244	10
Mouse_Brain_Visium_10x	TCATCGATGGTCCCAA-1	57	29	8313	3476	32556.0	7105	14.06499569971741	9
Mouse_Brain_Visium_10x	TCATGCAGGTTCTCAT-1	18	84	3642	7261	25863.0	6072	15.945559293198777	6
Mouse_Brain_Visium_10x	TCATTTAAGTCTCCGA-1	35	99	5678	8294	18631.0	5346	12.532875315334657	1
Mouse_Brain_Visium_10x	TCATTTAGAAGTGTGA-1	54	110	7953	9051	956.0	531	10.460251046025103	1
Mouse_Brain_Visium_10x	TCCAACTCAGCTATCT-1	67	91	9510	7743	37106.0	7407	10.709858243949766	11
Mouse_Brain_Visium_10x	TCCAACTTTAAATTCT-1	40	40	6277	4233	57531.0	8410	11.863169421703082	9
Mouse_Brain_Visium_10x	TCCAAGCCTAGACACA-1	67	79	9510	6917	26462.0	6167	14.424457712946866	10
Mouse_Brain_Visium_10x	TCCAATAAAGGCTACC-1	63	53	9031	5128	18773.0	4685	28.386512544611943	8
Mouse_Brain_Visium_10x	TCCACAATGGTTTACG-1	30	36	5080	3958	22635.0	5522	20.702451954937047	2
Mouse_Brain_Visium_10x	TCCACCAAGACATAGG-1	72	108	10109	8913	41392.0	8002	7.576343254735214	7
Mouse_Brain_Visium_10x	TCCACCTCTAGCCTTT-1	61	53	8792	5128	28117.0	6608	9.933492193334994	8
Mouse_Brain_Visium_10x	TCCACTTTATCTAGGT-1	31	79	5199	6917	18831.0	5156	12.999840688226861	3
Mouse_Brain_Visium_10x	TCCAGAGCACCGGTTC-1	40	70	6277	6298	23466.0	5967	14.638199948862182	12
Mouse_Brain_Visium_10x	TCCAGATGTACGCCAA-1	24	114	4361	9326	7658.0	2736	16.113867850613737	5
Mouse_Brain_Visium_10x	TCCAGGCGAGTACGGT-1	31	57	5199	5403	35202.0	6995	12.595875234361683	12
Mouse_Brain_Visium_10x	TCCAGGGTATATACGA-1	61	63	8792	5816	27812.0	6093	14.738242485258162	10
Mouse_Brain_Visium_10x	TCCATCAATACTAATC-1	64	14	9151	2444	11183.0	4271	13.797728695341144	0
Mouse_Brain_Visium_10x	TCCCAAACAGACAACG-1	22	110	4121	9051	36198.0	7375	11.492347643516217	5
Mouse_Brain_Visium_10x	TCCCAAAGACGAAGGA-1	26	60	4600	5610	37936.0	7079	16.8731547870097	3
Mouse_Brain_Visium_10x	TCCCACTCTCTTCCGG-1	31	107	5199	8844	10380.0	3470	13.545279383429673	5
Mouse_Brain_Visium_10x	TCCCAGCTTTAGTCTG-1	34	56	5559	5334	32352.0	6692	11.272873392680514	12
Mouse_Brain_Visium_10x	TCCCAGGCTTAGCTAA-1	30	48	5080	4784	39573.0	7259	13.984282212619714	2
Mouse_Brain_Visium_10x	TCCCGCGTACTCCTGG-1	27	69	4720	6229	27083.0	5990	16.785437359229036	3
Mouse_Brain_Visium_10x	TCCCGGGTGTGCTGCT-1	34	34	5559	3820	28733.0	6392	16.347057390456964	14
Mouse_Brain_Visium_10x	TCCCGTCAGTCCCGCA-1	23	75	4241	6642	33329.0	6711	12.922679948393293	3
Mouse_Brain_Visium_10x	TCCCGTCGCGTCATAG-1	29	115	4960	9395	18417.0	5006	19.49828962371722	5
Mouse_Brain_Visium_10x	TCCCGTGTGCAATTTG-1	44	80	6756	6986	23751.0	5907	12.626836764767798	4
Mouse_Brain_Visium_10x	TCCCTAGATCAATAGG-1	28	114	4840	9326	28376.0	6556	7.612066535100085	5
Mouse_Brain_Visium_10x	TCCCTGGCGTATTAAC-1	58	18	8433	2719	20705.0	5648	15.653223858971263	0
Mouse_Brain_Visium_10x	TCCCTGGCTCGCTGGA-1	33	27	5439	3338	22970.0	5559	20.01306051371354	14
Mouse_Brain_Visium_10x	TCCCTTAGATTACTCG-1	18	86	3642	7399	27390.0	6467	13.30412559328222	6
Mouse_Brain_Visium_10x	TCCGAAGTAGTCACCA-1	14	110	3163	9051	36770.0	7476	10.484090290998097	5
Mouse_Brain_Visium_10x	TCCGAATGGTCCTGAG-1	31	113	5199	9257	19624.0	4955	20.648185894822664	5
Mouse_Brain_Visium_10x	TCCGATAATTGCCATA-1	18	64	3642	5885	11637.0	3617	23.28778894904185	3
Mouse_Brain_Visium_10x	TCCGATGACTGAGCTC-1	22	76	4121	6711	36426.0	7511	10.223466754516005	3
Mouse_Brain_Visium_10x	TCCGATGGTGCGACAT-1	25	53	4481	5128	23985.0	5472	18.711694809255786	2
Mouse_Brain_Visium_10x	TCCGATTACATTGCCG-1	32	32	5319	3683	19836.0	4906	22.731397459165155	14
Mouse_Brain_Visium_10x	TCCGCCTGTCTACAAG-1	56	74	8193	6573	21312.0	5608	14.32057057057057	11
Mouse_Brain_Visium_10x	TCCGCGGCAGCATCTG-1	34	84	5558	7261	21555.0	5672	12.3312456506611	4
Mouse_Brain_Visium_10x	TCCGCGGCCCAATGAA-1	53	99	7834	8294	6573.0	2375	18.36300015213753	13
Mouse_Brain_Visium_10x	TCCGCTGTCATCCCGG-1	47	81	7115	7055	20195.0	5246	17.91037385491458	4
Mouse_Brain_Visium_10x	TCCGCTTATCCCATTA-1	50	64	7475	5885	23537.0	5954	15.006160513234482	4
Mouse_Brain_Visium_10x	TCCGGAGGAAGGGCTG-1	14	108	3163	8913	37988.0	7357	13.241023481099296	5
Mouse_Brain_Visium_10x	TCCGGCCTAGCGTACA-1	28	98	4840	8225	4846.0	2088	13.433759801898473	6
Mouse_Brain_Visium_10x	TCCGGGCTTGACGGGA-1	66	96	9391	8088	35520.0	7370	10.025337837837837	7
Mouse_Brain_Visium_10x	TCCGGTTCGTCCGGTC-1	51	53	7594	5128	34593.0	6929	11.58615904951869	8
Mouse_Brain_Visium_10x	TCCGTTAAGCTAATAT-1	52	100	7714	8363	11510.0	3964	10.938314509122502	13
Mouse_Brain_Visium_10x	TCCGTTTAGCCTTGAA-1	29	89	4960	7606	15631.0	4682	11.30445908771032	6
Mouse_Brain_Visium_10x	TCCTAAAGATTCAGAC-1	68	84	9630	7262	46574.0	8094	12.199939880620088	11
Mouse_Brain_Visium_10x	TCCTAAATTGGGAAGC-1	56	70	8193	6298	29712.0	6774	13.14283791060851	10
Mouse_Brain_Visium_10x	TCCTAACCGTCGGGCA-1	62	46	8912	4646	6811.0	2148	19.204228453971517	8
Mouse_Brain_Visium_10x	TCCTACATCCACGGCC-1	46	84	6995	7262	21757.0	5690	14.326423679735258	13
Mouse_Brain_Visium_10x	TCCTAGCAAAGAAGCT-1	41	41	6397	4302	47201.0	8065	12.508209571831106	9
Mouse_Brain_Visium_10x	TCCTCCTAAGACATTC-1	47	21	7115	2926	24091.0	6427	9.406002241500975	0
Mouse_Brain_Visium_10x	TCCTCGGGCTGGGCTT-1	40	76	6277	6711	10893.0	3719	17.286330671073166	4
Mouse_Brain_Visium_10x	TCCTCTACGAGATGGC-1	26	32	4601	3683	6517.0	2272	25.62528770906859	2
Mouse_Brain_Visium_10x	TCCTGCCAACTGGAGA-1	12	90	2924	7674	9311.0	2814	21.2759102137257	6
Mouse_Brain_Visium_10x	TCCTGCGTTGATACTC-1	38	30	6038	3545	32074.0	6576	16.867244497100454	14
Mouse_Brain_Visium_10x	TCCTGGCGCTGCCTGG-1	12	106	2924	8776	32922.0	7271	9.835368446631431	5
Mouse_Brain_Visium_10x	TCCTTACGACGGTCCG-1	49	95	7355	8019	7539.0	2941	14.763231197771587	13
Mouse_Brain_Visium_10x	TCCTTCAATCCCTACG-1	41	1	6397	1549	22414.0	5895	17.248148478629428	0
Mouse_Brain_Visium_10x	TCCTTGTCCTTTAATT-1	69	69	9750	6229	38088.0	7700	8.900441083805923	10
Mouse_Brain_Visium_10x	TCCTTTAAATCCGCTT-1	56	92	8193	7812	21025.0	5650	13.460166468489893	11
Mouse_Brain_Visium_10x	TCCTTTCTTACGCTTA-1	30	62	5079	5747	31057.0	6386	15.552049457449208	12
Mouse_Brain_Visium_10x	TCGAAATTTAGGACCA-1	29	45	4960	4577	38223.0	7098	14.635167307641996	2
Mouse_Brain_Visium_10x	TCGAAGAACCGAGCAC-1	45	99	6876	8294	9956.0	3182	11.83206106870229	13
Mouse_Brain_Visium_10x	TCGAATATCCCGCAGG-1	58	32	8433	3683	17143.0	5271	9.245756285364289	9
Mouse_Brain_Visium_10x	TCGACAACTGAACCCG-1	57	15	8313	2513	25408.0	6155	19.789042821158688	0
Mouse_Brain_Visium_10x	TCGAGACCAACACCGT-1	37	55	5918	5266	38429.0	7364	10.93184834369877	12
Mouse_Brain_Visium_10x	TCGAGTCTACGATTCG-1	56	2	8193	1618	5374.0	2626	9.341272794938593	0
Mouse_Brain_Visium_10x	TCGCAAAGATGCATTT-1	47	75	7115	6642	19631.0	5358	12.077836075594723	4
Mouse_Brain_Visium_10x	TCGCACCAGGAGGCAG-1	50	80	7475	6986	19984.0	5104	17.67914331465172	11
Mouse_Brain_Visium_10x	TCGCATAAAGGGCGCA-1	63	111	9031	9120	46624.0	8054	9.47366163349348	7
Mouse_Brain_Visium_10x	TCGCCGAAGTTGCGTC-1	45	37	6876	4027	24411.0	6164	13.538978329441646	9
Mouse_Brain_Visium_10x	TCGCCGACATATTCGC-1	66	86	9391	7399	29252.0	6579	13.294817448379598	11
Mouse_Brain_Visium_10x	TCGCCGCACCGCGTGA-1	46	6	6996	1893	35366.0	7687	5.68342475824238	0
Mouse_Brain_Visium_10x	TCGCCGGTCGATCCGT-1	19	61	3762	5678	23141.0	5677	19.973207726545958	3
Mouse_Brain_Visium_10x	TCGCGTAGCAGTGTCC-1	57	99	8313	8294	371.0	274	16.711590296495956	13
Mouse_Brain_Visium_10x	TCGCGTCCAGAAGGTC-1	31	29	5199	3476	18707.0	5082	18.725610733949857	14
Mouse_Brain_Visium_10x	TCGCTAAACCGCTATC-1	19	89	3762	7606	28623.0	6551	12.234915976662124	6
Mouse_Brain_Visium_10x	TCGCTACTGGCTTTGA-1	65	73	9271	6505	20685.0	5464	13.657239545564417	10
Mouse_Brain_Visium_10x	TCGCTCGATATATTCC-1	29	63	4960	5816	26152.0	5952	16.836188436830835	3
Mouse_Brain_Visium_10x	TCGCTCGGCACCAGCG-1	24	108	4361	8913	13882.0	4420	11.785045382509725	5
Mouse_Brain_Visium_10x	TCGCTGCCAATGCTGT-1	68	80	9630	6986	35176.0	7192	14.350693654764612	10
Mouse_Brain_Visium_10x	TCGCTGGGCGGATTGT-1	28	74	4840	6573	25052.0	6058	13.020916493693118	3
Mouse_Brain_Visium_10x	TCGCTTTAAACGTTTG-1	25	87	4481	7468	31538.0	6684	11.76675756230579	6
Mouse_Brain_Visium_10x	TCGGAATGCGCTCTGA-1	30	28	5080	3407	10623.0	2994	31.874235150145907	14
Mouse_Brain_Visium_10x	TCGGACGCCCAGCCCA-1	33	79	5439	6917	10884.0	3624	11.47556045571481	4
Mouse_Brain_Visium_10x	TCGGAGAGTATCGGGA-1	45	23	6876	3063	13214.0	4834	10.64779779022249	0
Mouse_Brain_Visium_10x	TCGGAGTACATGAGTA-1	32	74	5319	6573	25276.0	5996	11.208260800759613	3
Mouse_Brain_Visium_10x	TCGGCGAACCCAAACC-1	49	105	7355	8707	11415.0	3433	9.067017082785808	1
Mouse_Brain_Visium_10x	TCGGCGTACTGCACAA-1	49	13	7355	2375	24265.0	6449	8.069235524417886	0
Mouse_Brain_Visium_10x	TCGGCTTGTATCGACG-1	58	96	8433	8087	17793.0	5017	13.971786657674368	13
Mouse_Brain_Visium_10x	TCGGGAACGTGCCTAG-1	31	109	5199	8982	24533.0	5907	14.042310357477684	5
Mouse_Brain_Visium_10x	TCGGGAGACAGCGTAC-1	59	71	8552	6367	27748.0	6543	14.235260198933256	10
Mouse_Brain_Visium_10x	TCGGGCCGTCGTGGTA-1	40	88	6277	7537	10991.0	3919	15.075971249203892	4
Mouse_Brain_Visium_10x	TCGGTCCCGACAATAG-1	57	23	8313	3063	26023.0	6430	18.671944049494677	9
Mouse_Brain_Visium_10x	TCGGTGACCGCTCCGG-1	15	109	3283	8982	20303.0	5842	10.968822341525883	5
Mouse_Brain_Visium_10x	TCGTAAGACGACATTG-1	27	77	4720	6780	26447.0	6305	11.895489091390328	3
Mouse_Brain_Visium_10x	TCGTAAGCTCCGAGGA-1	16	106	3403	8776	30491.0	6995	10.294841100652652	5
Mouse_Brain_Visium_10x	TCGTACCGACGTCAAG-1	68	56	9630	5335	16618.0	4624	25.484414490311707	10
Mouse_Brain_Visium_10x	TCGTATTACCCATTGC-1	37	25	5918	3201	24837.0	5723	19.99838949953698	14
Mouse_Brain_Visium_10x	TCGTCAAGTACGCGCA-1	56	38	8193	4096	11704.0	3735	25.69207108680793	9
Mouse_Brain_Visium_10x	TCGTCTTAGGCGTTAA-1	53	83	7834	7193	19665.0	5300	18.189677091278924	11
Mouse_Brain_Visium_10x	TCGTGTACTATGGATG-1	47	77	7115	6780	544.0	420	15.257352941176471	4
Mouse_Brain_Visium_10x	TCGTGTCACGCTGACA-1	43	23	6636	3063	2908.0	1665	12.895460797799174	14
Mouse_Brain_Visium_10x	TCGTGTTCGACCACAA-1	57	105	8313	8707	4058.0	2009	12.493839329719075	7
Mouse_Brain_Visium_10x	TCGTTAGGAGTCCCTA-1	52	54	7714	5197	36348.0	7157	11.766809728183118	8
Mouse_Brain_Visium_10x	TCGTTGCTATCCGGTC-1	54	46	7954	4646	23468.0	5883	13.60149991477757	8
Mouse_Brain_Visium_10x	TCGTTTACGCGACCCT-1	70	94	9870	7950	50055.0	8352	5.006492857856358	7
Mouse_Brain_Visium_10x	TCTAAAGAACAGTCTC-1	52	10	7714	2169	44483.0	8311	5.357102713396129	0
Mouse_Brain_Visium_10x	TCTAACCTAGCCTGCG-1	74	112	10349	9189	33608.0	7055	13.252796953106403	7
Mouse_Brain_Visium_10x	TCTAATACTGCCTCAG-1	57	25	8313	3201	38207.0	7634	10.950872876697987	9
Mouse_Brain_Visium_10x	TCTACCCAATAGAGAG-1	56	106	8193	8776	3645.0	1557	16.296296296296298	7
Mouse_Brain_Visium_10x	TCTACCCGCATCATTT-1	75	113	10468	9258	23263.0	5845	18.338133516743326	7
Mouse_Brain_Visium_10x	TCTACCGTCCACAAGC-1	27	67	4720	6091	29968.0	6434	14.585557928457021	3
Mouse_Brain_Visium_10x	TCTAGCAATCTCCGCC-1	46	30	6996	3545	23380.0	6024	14.071856287425149	9
Mouse_Brain_Visium_10x	TCTAGCATCTTCGATG-1	23	43	4241	4440	11648.0	3423	27.524038461538463	2
Mouse_Brain_Visium_10x	TCTAGCATGCCCAGAA-1	48	66	7235	6023	30633.0	6816	12.502856396696375	4
Mouse_Brain_Visium_10x	TCTAGGTGGCGACGCT-1	29	99	4960	8294	5301.0	2114	11.280890398038105	1
Mouse_Brain_Visium_10x	TCTAGTGATATCGTGG-1	44	98	6756	8225	7220.0	2631	11.412742382271468	13
Mouse_Brain_Visium_10x	TCTAGTTATCAGAAGA-1	34	54	5559	5197	36947.0	6984	12.628900857985764	12
Mouse_Brain_Visium_10x	TCTATAGGTGGGTAAT-1	65	109	9271	8982	31845.0	7140	8.739205526770293	7
Mouse_Brain_Visium_10x	TCTATCGGTCGCAACA-1	22	64	4121	5885	30740.0	6546	15.494469746258947	3
Mouse_Brain_Visium_10x	TCTATGCTATAACGAC-1	64	94	9151	7950	39091.0	7758	8.782072599831164	11
Mouse_Brain_Visium_10x	TCTATTACTAGAGGAT-1	41	15	6397	2513	26569.0	6398	15.962211599984947	0
Mouse_Brain_Visium_10x	TCTCAAATCAATCGGG-1	71	89	9989	7606	36558.0	7320	14.864051643963016	7
Mouse_Brain_Visium_10x	TCTCATGAGATAGGGT-1	49	87	7355	7468	22963.0	5803	13.787397117101424	13
Mouse_Brain_Visium_10x	TCTCCAACGTAGGTTA-1	20	78	3882	6848	24120.0	6028	14.050580431177446	6
Mouse_Brain_Visium_10x	TCTCCACAAGTTGAAT-1	61	93	8792	7881	33552.0	7336	9.907010014306152	11
Mouse_Brain_Visium_10x	TCTCCCTGGGCAGCGT-1	54	80	7954	6986	25888.0	6223	14.582045735475896	11
Mouse_Brain_Visium_10x	TCTCGAACGAGGTCAC-1	12	94	2924	7950	13110.0	4052	18.756674294431733	6
Mouse_Brain_Visium_10x	TCTCGACGTATCGCCG-1	45	113	6876	9257	6527.0	2768	11.720545426689137	1
Mouse_Brain_Visium_10x	TCTCGAGGAGGTTCGC-1	52	112	7714	9189	5115.0	2000	10.576735092864126	1
Mouse_Brain_Visium_10x	TCTCGTGTTACGAGGA-1	45	5	6876	1824	31571.0	7307	5.584238700072851	0
Mouse_Brain_Visium_10x	TCTCTAATAGCTGGTA-1	20	52	3882	5059	13310.0	3968	25.96543951915853	2
Mouse_Brain_Visium_10x	TCTGAACTCGTACCCG-1	47	95	7115	8019	17124.0	5133	11.98902125671572	13
Mouse_Brain_Visium_10x	TCTGAAGCACGTGGTC-1	56	84	8193	7262	31616.0	6852	12.035045546558704	11
Mouse_Brain_Visium_10x	TCTGAATTCCGTACAA-1	34	94	5558	7950	24011.0	6068	12.673358044229726	1
Mouse_Brain_Visium_10x	TCTGAGCAATTGACTG-1	54	112	7953	9189	2506.0	1165	14.325618515562649	1
Mouse_Brain_Visium_10x	TCTGATGTATTCTGTC-1	51	83	7594	7193	18647.0	5013	17.418351477449455	11
Mouse_Brain_Visium_10x	TCTGCATACCTTGCTT-1	61	99	8792	8294	23142.0	5925	10.884971048310431	7
Mouse_Brain_Visium_10x	TCTGCCAGAAACTGCA-1	41	79	6397	6917	30255.0	6587	13.263923318459758	4
Mouse_Brain_Visium_10x	TCTGGGAACCTTTGAA-1	40	98	6277	8225	18398.0	5183	14.811392542667681	1
Mouse_Brain_Visium_10x	TCTGGGTAGCGCTCAT-1	40	36	6277	3958	26194.0	6132	15.022524242192869	9
Mouse_Brain_Visium_10x	TCTGTGCCATCATAGT-1	32	80	5319	6986	10066.0	3303	12.159745678521757	4
Mouse_Brain_Visium_10x	TCTGTTACCCAGCATA-1	51	35	7594	3889	11490.0	4084	15.091383812010445	9
Mouse_Brain_Visium_10x	TCTTACCGGAACTCGT-1	21	91	4002	7743	26127.0	6151	13.545374516783404	6
Mouse_Brain_Visium_10x	TCTTACTTATGCCTCT-1	45	93	6876	7881	9405.0	3418	15.459861775651248	13
Mouse_Brain_Visium_10x	TCTTAGAGCTCCAATT-1	40	108	6277	8913	7832.0	3200	9.920837589376916	1
Mouse_Brain_Visium_10x	TCTTAGAGTGAACTCT-1	43	99	6636	8294	16763.0	5177	10.022072421404284	1
Mouse_Brain_Visium_10x	TCTTCCCATGGGCACA-1	32	96	5319	8087	21053.0	5840	11.570797511043557	1
Mouse_Brain_Visium_10x	TCTTCGAATAGACGTT-1	39	71	6157	6367	12708.0	4143	15.265974189486936	12
Mouse_Brain_Visium_10x	TCTTCGATACCAATAA-1	32	66	5319	6023	45726.0	7714	11.085596815815947	3
Mouse_Brain_Visium_10x	TCTTCTATAACCCGCC-1	45	107	6876	8844	7558.0	2900	13.932257210902355	1
Mouse_Brain_Visium_10x	TCTTGATGCGTAGCGA-1	32	68	5319	6160	33481.0	7091	9.623368477644037	3
Mouse_Brain_Visium_10x	TCTTGCTCCCGATACT-1	65	67	9271	6092	28836.0	6611	12.068248023304202	10
Mouse_Brain_Visium_10x	TCTTGGTAACACCAAA-1	21	65	4002	5954	38225.0	7156	16.12034009156311	3
Mouse_Brain_Visium_10x	TCTTTAAGACTATGAA-1	34	98	5558	8225	19863.0	5506	12.717112218698082	1
Mouse_Brain_Visium_10x	TCTTTAGAGTCTAACA-1	50	114	7474	9326	12542.0	3810	17.501195981502153	1
Mouse_Brain_Visium_10x	TGAAAGGACCTGACTC-1	35	83	5678	7193	41655.0	7767	11.405593566198535	4
Mouse_Brain_Visium_10x	TGAACTGCTATGACTT-1	39	1	6157	1549	13476.0	4954	13.668744434550312	0
Mouse_Brain_Visium_10x	TGAATACCGACGCGTA-1	66	82	9391	7124	30254.0	6784	13.171811991802738	11
Mouse_Brain_Visium_10x	TGAATATGCTATAAAC-1	16	114	3403	9326	57933.0	8773	8.99832565204633	5
Mouse_Brain_Visium_10x	TGAATGTCAGCCGGCC-1	47	109	7115	8982	16086.0	4693	14.372746487628993	1
Mouse_Brain_Visium_10x	TGAATTTCACTTGCCT-1	42	4	6517	1756	33085.0	7258	12.637146743237116	0
Mouse_Brain_Visium_10x	TGACACTTCTCTTTGC-1	16	102	3403	8500	24001.0	6239	10.26623890671222	5
Mouse_Brain_Visium_10x	TGACAGGACAAGTCCA-1	55	9	8073	2100	16221.0	4684	22.409222612662596	0
Mouse_Brain_Visium_10x	TGACATATATGACGAT-1	38	2	6038	1618	10938.0	4081	13.704516364966175	0
Mouse_Brain_Visium_10x	TGACATCGAGCGGACC-1	35	101	5678	8432	27872.0	6718	10.254018369690012	1
Mouse_Brain_Visium_10x	TGACATGTAACGTGAC-1	69	63	9750	5816	54593.0	8641	6.293847196527028	10
Mouse_Brain_Visium_10x	TGACCAAATCTTAAAC-1	66	62	9391	5747	47209.0	8017	12.872545489207566	10
Mouse_Brain_Visium_10x	TGACCCACGTTAGACA-1	33	47	5439	4715	43526.0	7554	13.980149795524513	2
Mouse_Brain_Visium_10x	TGACGAATATTTCCCT-1	44	22	6756	2994	11022.0	4315	10.778443113772456	0
Mouse_Brain_Visium_10x	TGACGATGCACTAGAA-1	37	95	5918	8019	29141.0	6649	12.95425688891939	1
Mouse_Brain_Visium_10x	TGACTATAATCCTTTC-1	46	68	6996	6160	21703.0	5589	16.29267843155324	4
Mouse_Brain_Visium_10x	TGACTCCGAATCATAC-1	62	16	8912	2582	12962.0	4692	11.047677827495757	0
Mouse_Brain_Visium_10x	TGAGACGTACCTCTCA-1	39	5	6157	1824	16421.0	5261	16.612873759210768	0
Mouse_Brain_Visium_10x	TGAGAGATTTACCACG-1	41	91	6397	7743	24522.0	6145	11.911752711850584	13
Mouse_Brain_Visium_10x	TGAGATTAGGCCCTAA-1	16	94	3403	7950	34025.0	7145	11.318148420279206	6
Mouse_Brain_Visium_10x	TGAGCCATACAGTCTC-1	42	38	6517	4096	29690.0	6658	12.691141798585381	9
Mouse_Brain_Visium_10x	TGAGCGGAAAGTGTTC-1	55	65	8073	5954	29634.0	6806	13.909698319497874	8
Mouse_Brain_Visium_10x	TGAGCTTTAATGACGC-1	19	85	3762	7330	27292.0	6344	13.916165909424008	6
Mouse_Brain_Visium_10x	TGAGGAGTGCCAGCTT-1	58	58	8433	5472	32912.0	6692	12.825109382596015	8
Mouse_Brain_Visium_10x	TGAGGCATGTACTGTG-1	56	8	8193	2031	17476.0	5132	18.997482261387045	0
Mouse_Brain_Visium_10x	TGAGTAAATTAGCGTA-1	47	57	7115	5403	31895.0	6658	11.635052516068349	12
Mouse_Brain_Visium_10x	TGAGTGCCTCTTAAAT-1	45	41	6876	4302	33872.0	6771	14.767359470949456	9
Mouse_Brain_Visium_10x	TGAGTGGTCCGTGACG-1	30	84	5079	7261	21340.0	5591	10.656044985941893	4
Mouse_Brain_Visium_10x	TGAGTGTAACAACGGG-1	73	105	10229	8707	57376.0	8929	7.897030117122142	7
Mouse_Brain_Visium_10x	TGAGTTAAAGACATTC-1	48	112	7235	9189	9825.0	3483	14.585241730279899	1
Mouse_Brain_Visium_10x	TGATACATTTAGCCGT-1	55	43	8073	4440	40611.0	7536	10.110561178005959	8
Mouse_Brain_Visium_10x	TGATCAGGGAACTGCT-1	42	24	6517	3132	18800.0	5097	19.26063829787234	14
Mouse_Brain_Visium_10x	TGATCCCAGCATTAGT-1	27	107	4720	8844	5011.0	2282	9.698662941528637	5
Mouse_Brain_Visium_10x	TGATCGGTTTGACCCT-1	28	54	4840	5197	25260.0	5729	17.509897070467144	2
Mouse_Brain_Visium_10x	TGATCTACGCTGATCT-1	16	100	3403	8363	25738.0	6383	12.025021369181754	5
Mouse_Brain_Visium_10x	TGATCTATCACACTCT-1	72	92	10109	7812	30947.0	6557	16.36992277118945	7
Mouse_Brain_Visium_10x	TGATCTCCGGCGCCAG-1	28	50	4840	4921	28806.0	6304	15.194751093522182	2
Mouse_Brain_Visium_10x	TGATGGCTGTTTCTGA-1	30	114	5079	9326	20128.0	5176	19.390898251192368	5
Mouse_Brain_Visium_10x	TGATGTCAATTAAGTG-1	59	103	8552	8569	22658.0	5926	11.143966810839439	7
Mouse_Brain_Visium_10x	TGATTATGGCACGCAG-1	13	111	3044	9120	30144.0	6782	12.128450106157112	5
Mouse_Brain_Visium_10x	TGATTCAGGTCCCGCG-1	48	8	7235	2031	35375.0	7885	3.960424028268551	0
Mouse_Brain_Visium_10x	TGATTCCCGGTTACCT-1	64	50	9151	4922	3860.0	1746	16.21761658031088	8
Mouse_Brain_Visium_10x	TGATTCGTCTATCACT-1	31	41	5199	4302	26086.0	5535	19.33987579544583	2
Mouse_Brain_Visium_10x	TGATTCTGTCGCCGGT-1	48	44	7235	4509	37739.0	7169	14.475741275603488	9
Mouse_Brain_Visium_10x	TGATTTATTAGCTGTG-1	38	34	6038	3820	27250.0	6169	15.188990825688073	14
Mouse_Brain_Visium_10x	TGCAACCCATCTGCGG-1	60	90	8672	7675	36164.0	7561	9.650481141466653	11
Mouse_Brain_Visium_10x	TGCAACTACTGGTTGA-1	69	91	9750	7743	53302.0	8447	6.374995309744475	7
Mouse_Brain_Visium_10x	TGCAAGAATGACGTAA-1	30	60	5079	5610	44084.0	7529	15.053080482714817	12
Mouse_Brain_Visium_10x	TGCAATCTAACACGGT-1	62	90	8912	7675	8802.0	3109	10.8498068620768	11
Mouse_Brain_Visium_10x	TGCAATTTGGGCACGG-1	14	104	3163	8638	37168.0	7510	11.612139474817047	5
Mouse_Brain_Visium_10x	TGCACAGTGAAGTTAT-1	12	100	2924	8363	13964.0	4355	17.62389000286451	5
Mouse_Brain_Visium_10x	TGCAGAACTATATCGT-1	42	22	6517	2994	16331.0	4934	15.345049292756109	14
Mouse_Brain_Visium_10x	TGCAGAGTACCGAGCA-1	38	46	6038	4646	42730.0	7680	12.300491457992042	2
Mouse_Brain_Visium_10x	TGCAGATCGTCCTAGG-1	42	18	6517	2719	21946.0	6035	14.599471429873326	0
Mouse_Brain_Visium_10x	TGCAGCTACGTACTTC-1	42	16	6517	2581	27882.0	6756	12.829065346818735	0
Mouse_Brain_Visium_10x	TGCAGGATCGGCAAAG-1	24	74	4361	6573	32913.0	6612	13.05866982651232	3
Mouse_Brain_Visium_10x	TGCAGTTTCCTCCCAT-1	40	90	6277	7674	23308.0	5955	11.63119958812425	13
Mouse_Brain_Visium_10x	TGCATATGTCTGTCAC-1	35	85	5678	7330	21106.0	5680	12.574623329858808	4
Mouse_Brain_Visium_10x	TGCATGGATCGGATCT-1	19	67	3762	6091	30231.0	6592	15.285633951903673	3
Mouse_Brain_Visium_10x	TGCATGTGGTAATCTA-1	29	81	4960	7055	25132.0	6073	10.75521247811555	3
Mouse_Brain_Visium_10x	TGCCAAAGTCAGACTT-1	43	19	6636	2788	18352.0	5859	10.004359197907585	0
Mouse_Brain_Visium_10x	TGCCAATGGGTACTCT-1	54	52	7954	5059	42180.0	7678	10.83451872925557	8
Mouse_Brain_Visium_10x	TGCCACACTAGAGGAA-1	43	3	6636	1687	31273.0	7082	10.724906468838935	0
Mouse_Brain_Visium_10x	TGCCACCTGGCGAAAC-1	20	76	3882	6711	33846.0	6988	13.130059682089465	3
Mouse_Brain_Visium_10x	TGCCAGTACGTGGAGA-1	51	71	7594	6367	29327.0	6614	14.399699935213285	4
Mouse_Brain_Visium_10x	TGCCATTACTAAAGAA-1	21	87	4002	7468	34471.0	7019	12.065214238055177	6
Mouse_Brain_Visium_10x	TGCCCGATAGTTAGAA-1	72	78	10109	6849	30323.0	6334	21.90746298189493	10
Mouse_Brain_Visium_10x	TGCCCGTACCGTTAAA-1	45	75	6876	6642	20629.0	5469	17.625672596829705	4
Mouse_Brain_Visium_10x	TGCCGTGGATCGTCCT-1	57	63	8313	5816	24660.0	6162	13.179237631792375	8
Mouse_Brain_Visium_10x	TGCCGTGGGACCCAAT-1	71	67	9989	6092	26799.0	6205	20.657487219672376	10
Mouse_Brain_Visium_10x	TGCCGTTCTTAATCGG-1	57	1	8313	1549	3250.0	1457	7.9692307692307685	0
Mouse_Brain_Visium_10x	TGCCTAATTGAAGATT-1	55	105	8073	8707	7199.0	2781	14.613140713988054	7
Mouse_Brain_Visium_10x	TGCCTGATCAAACGAT-1	20	70	3882	6298	36224.0	7109	15.25231890459364	3
Mouse_Brain_Visium_10x	TGCCTTGGCCAGGCAA-1	52	82	7714	7124	30953.0	6512	17.3262688592382	11
Mouse_Brain_Visium_10x	TGCGAATATGGGATTT-1	45	13	6876	2375	27327.0	7109	5.532989351191129	0
Mouse_Brain_Visium_10x	TGCGACACCCTAGTGC-1	46	46	6996	4646	19337.0	5379	13.761183223871335	8
Mouse_Brain_Visium_10x	TGCGAGAATATTACCC-1	50	40	7475	4233	34000.0	6965	15.658823529411764	9
Mouse_Brain_Visium_10x	TGCGAGATGGCGGCCA-1	11	115	2804	9395	22646.0	5886	15.265389031175483	5
Mouse_Brain_Visium_10x	TGCGAGCCCTTCCGCG-1	12	102	2924	8500	22868.0	5904	15.834353682001048	5
Mouse_Brain_Visium_10x	TGCGCAAAGCATTTGG-1	31	67	5199	6091	42440.0	7535	9.613572101790764	3
Mouse_Brain_Visium_10x	TGCGCGATTAACGGAG-1	27	41	4720	4302	25704.0	5955	20.580454403983815	2
Mouse_Brain_Visium_10x	TGCGGACTTGACTCCG-1	68	76	9630	6711	24340.0	5882	17.251437962202136	10
Mouse_Brain_Visium_10x	TGCGGAGTAAAGGTGC-1	22	70	4121	6298	29492.0	6317	16.665536416655364	3
Mouse_Brain_Visium_10x	TGCGTAAGAACCTGAT-1	43	43	6636	4440	40304.0	7542	13.23441842000794	9
Mouse_Brain_Visium_10x	TGCGTACGGCTAATTG-1	67	101	9510	8432	36713.0	7583	9.013156102742897	7
Mouse_Brain_Visium_10x	TGCGTCATGACTGAGC-1	53	21	7834	2926	30605.0	7226	5.819310570168273	9
Mouse_Brain_Visium_10x	TGCGTTTGTTGACACT-1	42	76	6516	6711	20033.0	5420	14.95033195227874	4
Mouse_Brain_Visium_10x	TGCTAAGTGTCTATTT-1	52	90	7714	7675	15335.0	4824	13.309422888816433	13
Mouse_Brain_Visium_10x	TGCTCCACAGTTCTTA-1	45	95	6876	8019	9573.0	3480	14.634910686305233	13
Mouse_Brain_Visium_10x	TGCTCGGCGAAACCCA-1	57	61	8313	5679	40801.0	7570	12.163917551040415	8
Mouse_Brain_Visium_10x	TGCTCGGTGGGTCACC-1	66	72	9391	6436	28420.0	6454	14.616467276565798	10
Mouse_Brain_Visium_10x	TGCTCTTGAGAGTTTG-1	64	70	9151	6298	26167.0	6363	11.277563343142125	10
Mouse_Brain_Visium_10x	TGCTGTTGAAGAACTC-1	38	66	6037	6023	26439.0	6127	14.444570520821514	12
Mouse_Brain_Visium_10x	TGCTTCCCAAGCAGTA-1	62	66	8912	6023	31556.0	6800	11.43047281024211	10
Mouse_Brain_Visium_10x	TGGAACCACTGACACA-1	24	102	4361	8500	25638.0	6238	10.620953272486153	5
Mouse_Brain_Visium_10x	TGGAAGAAGGGAACGT-1	39	35	6157	3889	31678.0	6601	14.688427299703264	14
Mouse_Brain_Visium_10x	TGGAAGGATAAAGATG-1	20	68	3882	6160	32773.0	6733	16.202361700180028	3
Mouse_Brain_Visium_10x	TGGAATATCCTTGACC-1	23	107	4241	8844	23033.0	6021	12.369209395215561	5
Mouse_Brain_Visium_10x	TGGACCAATCTAAGAT-1	62	80	8912	6986	32109.0	7029	14.964651655299138	11
Mouse_Brain_Visium_10x	TGGACGCAATCCAGCC-1	58	20	8433	2857	18234.0	5543	17.686739058900955	0
Mouse_Brain_Visium_10x	TGGACTGTTCGCTCAA-1	37	73	5918	6504	25239.0	6186	13.443480328063712	3
Mouse_Brain_Visium_10x	TGGAGTGATGCGATGA-1	29	41	4960	4302	25616.0	5886	20.030449718925674	2
Mouse_Brain_Visium_10x	TGGCAAACTAAATTAC-1	50	78	7475	6849	30059.0	6752	14.052363684753319	4
Mouse_Brain_Visium_10x	TGGCAACTCGCGCGCC-1	22	86	4121	7399	33281.0	6909	13.554280219945314	6
Mouse_Brain_Visium_10x	TGGCAAGCACAAGTCG-1	66	56	9391	5335	19704.0	5037	22.38124238733252	10
Mouse_Brain_Visium_10x	TGGCAATGGGACGGCG-1	54	106	7953	8776	2499.0	1314	10.92436974789916	7
Mouse_Brain_Visium_10x	TGGCAGATTACGATCA-1	44	58	6756	5472	18607.0	5244	12.790885150749718	12
Mouse_Brain_Visium_10x	TGGCAGCAGTAATAGT-1	39	61	6157	5679	13116.0	4015	12.000609942055505	12
Mouse_Brain_Visium_10x	TGGCATGAAGTTTGGG-1	56	12	8193	2306	14692.0	4546	21.692077320991014	0
Mouse_Brain_Visium_10x	TGGCCAAACTGAAGTA-1	28	76	4840	6711	38203.0	7276	12.896892914169044	3
Mouse_Brain_Visium_10x	TGGCCAATTTGGTACT-1	49	11	7355	2237	23543.0	6421	7.475682793186935	0
Mouse_Brain_Visium_10x	TGGCCGTATATTGACC-1	26	38	4601	4096	16408.0	4744	19.61847879083374	2
Mouse_Brain_Visium_10x	TGGCGACTGCTCCAAA-1	55	47	8073	4715	37799.0	7324	11.317759729093362	8
Mouse_Brain_Visium_10x	TGGCGATCAAGTTATG-1	51	55	7594	5266	39340.0	7441	11.560752414844941	8
Mouse_Brain_Visium_10x	TGGCTACACTCTACCT-1	64	100	9151	8363	35802.0	7484	6.907435338807888	7
Mouse_Brain_Visium_10x	TGGCTATGTGACATAC-1	60	82	8672	7124	15580.0	4521	17.342747111681646	11
Mouse_Brain_Visium_10x	TGGCTCTTGTCGCGTA-1	42	12	6517	2306	22567.0	6124	8.85363583994328	0
Mouse_Brain_Visium_10x	TGGCTTATGTATAATG-1	55	1	8073	1549	13046.0	4746	10.8309060248352	0
Mouse_Brain_Visium_10x	TGGCTTGTACAAGCTT-1	16	116	3403	9464	36324.0	7201	13.14007267922035	5
Mouse_Brain_Visium_10x	TGGGATGCACTCATTC-1	12	98	2924	8225	11371.0	3764	19.470583062175713	5
Mouse_Brain_Visium_10x	TGGGCAATAGTTGGGT-1	46	108	6995	8913	8345.0	3160	13.672857998801677	1
Mouse_Brain_Visium_10x	TGGGCCACAAGAGCGC-1	18	72	3642	6436	28765.0	6593	15.609247349209108	3
Mouse_Brain_Visium_10x	TGGGCCCATACTAATT-1	47	89	7115	7606	19992.0	5498	14.725890356142457	13
Mouse_Brain_Visium_10x	TGGGCGATACAATAAG-1	68	62	9630	5747	43464.0	7831	12.946346401619731	10
Mouse_Brain_Visium_10x	TGGGTGCACAAGCCAT-1	69	85	9750	7330	62124.0	8833	10.760736591333462	11
Mouse_Brain_Visium_10x	TGGGTGGGATGTCATT-1	10	112	2684	9188	12200.0	4000	18.19672131147541	5
Mouse_Brain_Visium_10x	TGGGTGTAATAGATTT-1	68	102	9630	8500	32531.0	7033	7.970858565675817	7
Mouse_Brain_Visium_10x	TGGTAAGCAGGATTGA-1	41	11	6397	2237	30846.0	6987	12.23497374051741	0
Mouse_Brain_Visium_10x	TGGTAGAATATATGGG-1	48	100	7235	8363	10251.0	3534	15.188762071992976	13
Mouse_Brain_Visium_10x	TGGTCCCACGCTACGG-1	52	74	7714	6573	18455.0	5269	14.494716878894609	4
Mouse_Brain_Visium_10x	TGGTCGTGCAAGGCAA-1	41	7	6397	1962	32878.0	6908	19.32295151773222	0
Mouse_Brain_Visium_10x	TGGTCTGTTGGGCGTA-1	37	29	5918	3476	26578.0	5954	18.835126796598693	14
Mouse_Brain_Visium_10x	TGGTTAACTTACATTT-1	60	8	8672	2031	19391.0	5772	14.217936155948635	0
Mouse_Brain_Visium_10x	TGGTTAAGGGCGCTGG-1	26	114	4600	9326	33641.0	7061	7.5770637020302605	5
Mouse_Brain_Visium_10x	TGGTTCAACGGGTAAT-1	50	74	7475	6573	23908.0	5886	15.542914505604818	4
Mouse_Brain_Visium_10x	TGGTTCGTAGCAAAGG-1	23	55	4241	5266	29883.0	6371	18.1775591473413	2
Mouse_Brain_Visium_10x	TGGTTTAAACGTGGGT-1	24	112	4361	9189	2811.0	1363	12.059765208110992	5
Mouse_Brain_Visium_10x	TGTACCTACACGAGGG-1	59	91	8552	7743	27439.0	6711	10.087831189183278	11
Mouse_Brain_Visium_10x	TGTACGAACAAATCCG-1	38	58	6038	5472	58676.0	8790	8.367986911173222	12
Mouse_Brain_Visium_10x	TGTACTTCCGGGCATG-1	70	114	9870	9326	42179.0	7798	9.770264823727446	7
Mouse_Brain_Visium_10x	TGTAGCCAATTCCGTT-1	71	81	9989	7055	52637.0	8505	6.413739384843361	10
Mouse_Brain_Visium_10x	TGTAGCCATCCCATTC-1	62	112	8912	9189	32033.0	6933	9.636936908812785	7
Mouse_Brain_Visium_10x	TGTAGGAGAAATTTCC-1	34	86	5558	7399	23707.0	6060	13.793394356097355	4
Mouse_Brain_Visium_10x	TGTAGTGATCTATAAT-1	35	33	5678	3751	25993.0	6104	15.477243873350519	14
Mouse_Brain_Visium_10x	TGTATAACAGATCCTG-1	29	79	4960	6917	28994.0	6591	10.6539283989791	3
Mouse_Brain_Visium_10x	TGTATCAGACTGAAGC-1	10	110	2684	9051	14547.0	4597	16.491372791640888	5
Mouse_Brain_Visium_10x	TGTATGGCGCAGACAG-1	43	93	6636	7881	20680.0	5594	13.916827852998065	13
Mouse_Brain_Visium_10x	TGTCATTTGTTGGGAA-1	21	109	4002	8982	25023.0	6336	10.23858050593454	5
Mouse_Brain_Visium_10x	TGTCCACGGCTCAACT-1	65	101	9271	8432	33238.0	7179	8.96865033997232	7
Mouse_Brain_Visium_10x	TGTCCTAAGTCACCGC-1	34	30	5559	3545	22491.0	5527	19.790138277533238	14
Mouse_Brain_Visium_10x	TGTCGTTATCACATAT-1	61	15	8792	2513	17586.0	5451	14.397816444899354	0
Mouse_Brain_Visium_10x	TGTGACTACGCCAGTC-1	21	73	4002	6504	26133.0	6096	15.137948188114644	3
Mouse_Brain_Visium_10x	TGTGACTAGAGTTTGC-1	68	110	9630	9051	31435.0	7182	7.262605376173055	7
Mouse_Brain_Visium_10x	TGTGAGACTAGCCCAA-1	59	63	8552	5816	32767.0	6964	11.352885525070956	10
Mouse_Brain_Visium_10x	TGTGCCAGAGGCAAAG-1	54	0	7954	1480	19913.0	5870	11.675789685130317	0
Mouse_Brain_Visium_10x	TGTGCCGGTGCCGGAA-1	53	97	7834	8156	12307.0	3937	16.96595433493134	13
Mouse_Brain_Visium_10x	TGTGGCAAAGCGTATG-1	29	87	4960	7468	22772.0	5978	10.218689618830142	6
Mouse_Brain_Visium_10x	TGTGGCGGGCTTCTGG-1	65	59	9271	5541	26205.0	6330	14.508681549322649	10
Mouse_Brain_Visium_10x	TGTGTCGAAGTCGAGG-1	42	0	6517	1480	26509.0	6285	19.52167188502018	0
Mouse_Brain_Visium_10x	TGTGTGACCATGAATC-1	48	2	7235	1618	29860.0	7311	6.215673141326189	0
Mouse_Brain_Visium_10x	TGTTATTGTATGTGGC-1	44	86	6756	7399	17184.0	4883	15.974162011173185	13
Mouse_Brain_Visium_10x	TGTTCCGCTTCCATGA-1	36	44	5798	4509	38325.0	7134	15.068493150684931	2
Mouse_Brain_Visium_10x	TGTTCCGGCCTGAGCT-1	70	66	9870	6023	14004.0	4699	13.139103113396173	10
Mouse_Brain_Visium_10x	TGTTCGTATTGCGGTG-1	49	61	7355	5679	24453.0	6230	12.534249376354639	12
Mouse_Brain_Visium_10x	TGTTCTTCCATTGACT-1	33	43	5439	4440	34548.0	6774	14.617343985180039	2
Mouse_Brain_Visium_10x	TGTTGTCAAGAAGTCT-1	24	82	4361	7124	33320.0	6902	13.136254501800721	6
Mouse_Brain_Visium_10x	TGTTTCTGAAGCGTGC-1	63	7	9032	1962	10201.0	4057	12.420350945985687	0
Mouse_Brain_Visium_10x	TGTTTGAGATCGTCAG-1	49	115	7355	9395	8900.0	3515	11.089887640449438	1
Mouse_Brain_Visium_10x	TTAAACTCGAATTCAT-1	31	95	5199	8019	15354.0	4580	9.033476618470756	6
Mouse_Brain_Visium_10x	TTAAAGTAAGTCGCCA-1	69	105	9750	8707	46680.0	8374	7.206512425021422	7
Mouse_Brain_Visium_10x	TTAACCAACCCTCCCT-1	19	55	3762	5266	16063.0	4078	27.97111373965013	3
Mouse_Brain_Visium_10x	TTAACGAACAAGCAGT-1	22	114	4121	9326	27303.0	6344	12.170823719005238	5
Mouse_Brain_Visium_10x	TTAACTTCAGGTAGGA-1	46	26	6996	3270	13944.0	4898	10.728628800917958	14
Mouse_Brain_Visium_10x	TTAAGATAGGATTGAC-1	43	101	6636	8432	12071.0	3732	9.80863225913346	1
Mouse_Brain_Visium_10x	TTAAGCGCCTGACCCA-1	30	44	5080	4508	30971.0	6426	16.767298440476573	2
Mouse_Brain_Visium_10x	TTAAGGCCCGTACTTT-1	59	25	8552	3201	14136.0	4373	23.408319185059423	9
Mouse_Brain_Visium_10x	TTAAGTATTGTTATCC-1	64	90	9151	7675	30649.0	7053	10.143887239387908	11
Mouse_Brain_Visium_10x	TTAATCAGTACGTCAG-1	18	76	3642	6711	23676.0	5846	15.310863321507012	6
Mouse_Brain_Visium_10x	TTAATGTAGACCAGGT-1	30	68	5079	6160	34468.0	6939	12.344783567366834	3
Mouse_Brain_Visium_10x	TTAATTGCTTTGGGTG-1	62	76	8912	6711	25223.0	6490	10.506283947191056	10
Mouse_Brain_Visium_10x	TTAATTTCAGACGCGG-1	17	69	3523	6229	12524.0	3461	27.595017566272755	3
Mouse_Brain_Visium_10x	TTACAACTACGCATCC-1	24	52	4361	5059	29451.0	6350	18.2540490985026	2
Mouse_Brain_Visium_10x	TTACACGATCTGCGAC-1	62	110	8912	9051	31446.0	6790	10.093493608090059	7
Mouse_Brain_Visium_10x	TTACAGACCTAAATGA-1	26	96	4600	8087	21880.0	5654	11.39853747714808	6
Mouse_Brain_Visium_10x	TTACATGCCACAACTA-1	41	103	6397	8569	18512.0	5134	11.41961970613656	1
Mouse_Brain_Visium_10x	TTACCATTGATTACCC-1	34	28	5559	3407	20995.0	5066	22.96737318409145	14
Mouse_Brain_Visium_10x	TTACCCATTGCCGGGT-1	17	85	3523	7330	34678.0	7003	13.24182478805006	6
Mouse_Brain_Visium_10x	TTACCCTAGGGATTGG-1	60	58	8672	5472	21381.0	5344	18.249847995884195	8
Mouse_Brain_Visium_10x	TTACGGATGGTTCGAG-1	33	93	5439	7881	18434.0	5320	14.32678745795812	6
Mouse_Brain_Visium_10x	TTACTAAAGGACTTTA-1	48	78	7235	6849	20714.0	5515	15.569180264555374	4
Mouse_Brain_Visium_10x	TTACTCCGGCCGGGAA-1	34	78	5558	6849	31878.0	6738	14.837819185645273	4
Mouse_Brain_Visium_10x	TTACTCTGGTACGTAC-1	43	31	6636	3614	30942.0	6770	13.008208906987267	14
Mouse_Brain_Visium_10x	TTACTGGGATATTTCA-1	44	54	6756	5197	45385.0	8040	8.500605927068415	12
Mouse_Brain_Visium_10x	TTACTGTCTAGAGCTC-1	19	115	3762	9395	20272.0	5373	15.208168902920285	5
Mouse_Brain_Visium_10x	TTAGAAGAACATGACT-1	52	64	7714	5885	37763.0	7582	11.132590101422027	8
Mouse_Brain_Visium_10x	TTAGAATAAGGGTCGG-1	61	45	8792	4577	9656.0	2872	23.001242750621376	8
Mouse_Brain_Visium_10x	TTAGACACGATCGTTG-1	16	86	3403	7399	29387.0	6437	13.829244223636303	6
Mouse_Brain_Visium_10x	TTAGACGAGTCACCTC-1	48	80	7235	6986	25551.0	6166	14.00336581738484	4
Mouse_Brain_Visium_10x	TTAGAGGGATATACAG-1	50	0	7475	1480	30210.0	7339	6.315789473684211	0
Mouse_Brain_Visium_10x	TTAGAGTTTAGAAGGA-1	46	86	6995	7399	24327.0	6243	14.079006864800428	13
Mouse_Brain_Visium_10x	TTAGCTAATACGATCT-1	22	98	4121	8225	26361.0	6276	11.79773149728766	6
Mouse_Brain_Visium_10x	TTAGCTGATTTGCCGT-1	38	94	6037	7950	8189.0	2649	13.896690682623031	1
Mouse_Brain_Visium_10x	TTAGTAAACCTGCTCT-1	62	94	8912	7950	31354.0	7117	9.073802385660521	11
Mouse_Brain_Visium_10x	TTAGTAGGGCGGCGGG-1	34	26	5559	3270	15820.0	4525	21.378002528445005	14
Mouse_Brain_Visium_10x	TTAGTTATTCGTGGCA-1	47	91	7115	7743	18042.0	5324	12.97527990244984	13
Mouse_Brain_Visium_10x	TTAGTTCAAGTGTTCG-1	22	112	4121	9189	22529.0	6079	9.88059833991744	5
Mouse_Brain_Visium_10x	TTATAGGTAATTGTCT-1	61	73	8792	6505	22073.0	5790	13.54143070719884	10
Mouse_Brain_Visium_10x	TTATATACGCTGTCAC-1	38	74	6037	6573	18723.0	5039	16.177962933290605	4
Mouse_Brain_Visium_10x	TTATATTTGGCAATCC-1	26	64	4600	5885	31735.0	6621	14.680951630691666	3
Mouse_Brain_Visium_10x	TTATCCGGGATCTATA-1	51	87	7594	7468	22458.0	5845	12.837296286401282	11
Mouse_Brain_Visium_10x	TTATCCTCAAGGAATA-1	52	18	7714	2719	37355.0	7773	6.344532191139071	0
Mouse_Brain_Visium_10x	TTATCTGACATTAGGA-1	46	8	6996	2031	31110.0	7428	5.130183220829315	0
Mouse_Brain_Visium_10x	TTATCTGTATCATAAC-1	22	60	4121	5610	29861.0	6246	18.653092662670375	3
Mouse_Brain_Visium_10x	TTATGAATGAAAGGGA-1	41	63	6397	5816	38512.0	7398	12.39353967594516	12
Mouse_Brain_Visium_10x	TTATGACAAACTGGAT-1	27	35	4720	3889	18621.0	4706	25.068471081037536	2
Mouse_Brain_Visium_10x	TTATGATCTTAACGAA-1	38	82	6037	7124	25797.0	6228	15.645230065511493	4
Mouse_Brain_Visium_10x	TTATTAGAGCGTGTTC-1	46	70	6996	6298	21248.0	5678	14.410768072289157	4
Mouse_Brain_Visium_10x	TTCAAAGTCTCTAGCC-1	35	75	5678	6642	32562.0	6794	12.972176156255758	3
Mouse_Brain_Visium_10x	TTCAATACTCTGAATC-1	38	86	6037	7399	21414.0	5514	15.046231437377417	4
Mouse_Brain_Visium_10x	TTCACGAAAGGATCAC-1	38	54	6038	5197	49205.0	8080	9.186058327405751	12
Mouse_Brain_Visium_10x	TTCACTCGAGCACCTA-1	55	69	8073	6229	25462.0	6197	13.48283716911476	10
Mouse_Brain_Visium_10x	TTCAGCCCTGGTCCAC-1	47	85	7115	7330	24058.0	6111	12.648599218555159	13
Mouse_Brain_Visium_10x	TTCAGCTGGCGTGCCC-1	55	95	8073	8019	13747.0	4274	15.014184913071944	13
Mouse_Brain_Visium_10x	TTCAGGCGTCAAAGCC-1	40	16	6277	2581	19780.0	5320	20.76845298281092	0
Mouse_Brain_Visium_10x	TTCATGGCGCAACAGG-1	19	75	3762	6642	31077.0	6662	14.264568652057791	3
Mouse_Brain_Visium_10x	TTCCAATCAGAGCTAG-1	23	95	4241	8019	22335.0	5788	11.770763375867473	6
Mouse_Brain_Visium_10x	TTCCAATCTGGCTATC-1	48	46	7235	4646	23762.0	5758	15.183907078528744	8
Mouse_Brain_Visium_10x	TTCCACACAGATTTGA-1	50	46	7475	4646	26728.0	6160	15.137683328344806	8
Mouse_Brain_Visium_10x	TTCCAGACGAGATTTA-1	39	111	6157	9120	1926.0	1102	7.5285565939771555	1
Mouse_Brain_Visium_10x	TTCCATCATGCGGTGA-1	13	99	3044	8294	27133.0	6424	13.253234069214608	5
Mouse_Brain_Visium_10x	TTCCATCGACAGCGTG-1	61	107	8792	8845	40570.0	7619	8.461917673157506	7
Mouse_Brain_Visium_10x	TTCCCGGCGCCAATAG-1	46	12	6996	2306	33834.0	7789	5.855057043210971	0
Mouse_Brain_Visium_10x	TTCCGCAGAGAAATAT-1	21	101	4002	8431	26524.0	6467	11.664907253807872	6
Mouse_Brain_Visium_10x	TTCCGCGTGAGGCGAT-1	46	64	6996	5885	27468.0	6373	15.407019076743847	12
Mouse_Brain_Visium_10x	TTCCGGCCTTGAGGCT-1	54	44	7954	4509	37511.0	7241	10.484924422169497	8
Mouse_Brain_Visium_10x	TTCCGGCTCGACTTCT-1	12	110	2924	9051	30095.0	6864	10.76590795813258	5
Mouse_Brain_Visium_10x	TTCCGGTTACCCACTT-1	45	87	6876	7468	18375.0	5115	16.631292517006802	13
Mouse_Brain_Visium_10x	TTCCTCGAGGGTGTCT-1	21	49	4002	4853	12786.0	3610	28.85969028625059	2
Mouse_Brain_Visium_10x	TTCCTCGGACTAACCA-1	50	86	7475	7399	19459.0	5130	16.331774500231255	11
Mouse_Brain_Visium_10x	TTCGACAGAGCCCGTG-1	52	68	7714	6160	23584.0	6052	12.28799185888738	4
Mouse_Brain_Visium_10x	TTCGACGGGAAGGGCG-1	24	44	4361	4508	22965.0	5763	18.384498149357718	2
Mouse_Brain_Visium_10x	TTCGCACTCGCGTGCT-1	25	45	4481	4577	21368.0	5083	21.143766379633096	2
Mouse_Brain_Visium_10x	TTCGCACTGTACGACA-1	61	59	8792	5541	27325.0	6009	18.6971637694419	8
Mouse_Brain_Visium_10x	TTCGCCGCTCGCGCTA-1	57	9	8313	2100	21493.0	5924	13.609082026706371	0
Mouse_Brain_Visium_10x	TTCGCGCGCCATACGA-1	59	47	8552	4715	25586.0	5954	16.19244899554444	8
Mouse_Brain_Visium_10x	TTCGCTATCTGACGTG-1	20	100	3882	8363	17441.0	5055	14.276704317412992	6
Mouse_Brain_Visium_10x	TTCGGCAACCCGCTGA-1	16	88	3403	7537	24191.0	5975	14.530197180769708	6
Mouse_Brain_Visium_10x	TTCGGGACTAATCGCG-1	36	72	5798	6436	25494.0	6128	15.60759394367302	3
Mouse_Brain_Visium_10x	TTCGGGCGCTAGTCTT-1	55	37	8073	4027	11998.0	3601	28.42973828971495	9
Mouse_Brain_Visium_10x	TTCGGTACTGTAGAGG-1	67	63	9510	5816	21127.0	5815	14.114640034079615	10
Mouse_Brain_Visium_10x	TTCGTACTCCAGAACG-1	29	29	4960	3476	14095.0	3575	32.805959560127704	14
Mouse_Brain_Visium_10x	TTCGTTCAACGAAGTT-1	23	105	4241	8707	28569.0	6665	11.757499387447933	5
Mouse_Brain_Visium_10x	TTCTAACCGAAGCTTA-1	34	90	5558	7674	27407.0	6334	13.361549968986026	4
Mouse_Brain_Visium_10x	TTCTAGAAAGTCTTAT-1	60	46	8672	4646	15567.0	3785	31.54750433609559	8
Mouse_Brain_Visium_10x	TTCTAGGCCAATTGTG-1	22	44	4121	4508	9545.0	3230	25.217391304347824	2
Mouse_Brain_Visium_10x	TTCTATTAAACGCAGC-1	67	55	9510	5266	15958.0	5032	13.836320340894847	10
Mouse_Brain_Visium_10x	TTCTCTTACAGGTGAT-1	62	8	8912	2031	14602.0	5138	9.553485823859745	0
Mouse_Brain_Visium_10x	TTCTGACCGGGCTCAA-1	52	84	7714	7262	21328.0	5525	16.9307951987997	11
Mouse_Brain_Visium_10x	TTCTGCCGCGCCTAGA-1	49	69	7355	6229	22428.0	5709	16.573033707865168	4
Mouse_Brain_Visium_10x	TTCTGCGGGTTAGCGG-1	40	80	6277	6986	17903.0	5165	14.249008546053735	4
Mouse_Brain_Visium_10x	TTCTGCTAGACTCCAA-1	28	106	4840	8776	8859.0	3239	10.700982052150355	5
Mouse_Brain_Visium_10x	TTCTTATCCGCTGGGT-1	49	101	7355	8432	5488.0	2245	15.962099125364432	13
Mouse_Brain_Visium_10x	TTCTTGAGCCGCGCTA-1	47	41	7115	4302	29587.0	6547	13.941933957481325	9
Mouse_Brain_Visium_10x	TTCTTGCTAGCATCTC-1	40	110	6277	9051	7172.0	3125	9.327941996653653	1
Mouse_Brain_Visium_10x	TTCTTGGACGATCTGC-1	52	32	7714	3683	6615.0	2580	20.075585789871504	9
Mouse_Brain_Visium_10x	TTCTTGGAGTAATGAG-1	21	79	4002	6917	28743.0	6563	12.225585359913719	6
Mouse_Brain_Visium_10x	TTCTTTGGTCGCGACG-1	24	104	4361	8638	20753.0	5709	11.632053197128126	5
Mouse_Brain_Visium_10x	TTGAAAGGTGTAAAGG-1	13	103	3044	8569	38093.0	7609	10.815635418580841	5
Mouse_Brain_Visium_10x	TTGAACGACGTGCTGA-1	60	88	8672	7537	27193.0	6676	11.969992277424337	11
Mouse_Brain_Visium_10x	TTGAAGAATTCCCAGG-1	32	50	5319	4921	41469.0	7340	16.354385203404952	2
Mouse_Brain_Visium_10x	TTGAAGGATGGGCGCC-1	62	12	8912	2306	16300.0	5393	13.23926380368098	0
Mouse_Brain_Visium_10x	TTGAATATGGACTTTC-1	34	76	5558	6711	15537.0	4572	14.114693956362231	3
Mouse_Brain_Visium_10x	TTGAATCGTTGTATAA-1	48	10	7235	2169	27336.0	6883	6.855428738659643	0
Mouse_Brain_Visium_10x	TTGAATTCACGTGAGG-1	39	97	6157	8156	22895.0	5986	14.138458178641624	1
Mouse_Brain_Visium_10x	TTGACAGGAGCTCCCG-1	47	99	7115	8294	9202.0	3253	15.746576831123669	13
Mouse_Brain_Visium_10x	TTGACATGAACGTGGA-1	44	32	6756	3683	34693.0	7164	12.740322255209986	9
Mouse_Brain_Visium_10x	TTGACCAGGAACAACT-1	64	80	9151	6986	38662.0	7351	17.696963426620453	11
Mouse_Brain_Visium_10x	TTGACCATGTTCTCCG-1	24	78	4361	6848	30261.0	6504	13.462873004857737	3
Mouse_Brain_Visium_10x	TTGACCGTGTTAATGA-1	50	34	7475	3820	13776.0	4610	14.713995354239257	9
Mouse_Brain_Visium_10x	TTGACGCTCCATGAGC-1	41	101	6397	8432	7943.0	2895	10.726425783708926	1
Mouse_Brain_Visium_10x	TTGACTACCATATGGT-1	43	41	6636	4302	36484.0	7294	12.528779739063701	9
Mouse_Brain_Visium_10x	TTGACTATTGTCCGGC-1	46	104	6995	8638	9547.0	3263	9.908871896930973	1
Mouse_Brain_Visium_10x	TTGAGAAGTTTAGCAT-1	55	87	8073	7468	21287.0	5640	14.78367078498614	11
Mouse_Brain_Visium_10x	TTGAGAGTACTGCTAA-1	44	38	6756	4096	34871.0	7157	12.57491898712397	9
Mouse_Brain_Visium_10x	TTGATAGTCAATACAT-1	27	115	4720	9395	26634.0	6418	8.04235188105429	5
Mouse_Brain_Visium_10x	TTGATCTAACTTTGTC-1	29	47	4960	4715	29405.0	6410	16.014283285155585	2
Mouse_Brain_Visium_10x	TTGATGTGTAGTCCCG-1	24	90	4361	7674	24587.0	6097	11.770447797616626	6
Mouse_Brain_Visium_10x	TTGATTAGCTGTTTCT-1	48	34	7235	3820	23486.0	5758	17.142127224729624	9
Mouse_Brain_Visium_10x	TTGATTATGCAGATGA-1	27	33	4720	3751	8792.0	2799	29.003639672429482	2
Mouse_Brain_Visium_10x	TTGCACAATTCAGAAA-1	43	57	6636	5403	22093.0	5607	12.569592178518082	12
Mouse_Brain_Visium_10x	TTGCACGGAGCAGCAC-1	21	59	4002	5541	21736.0	5406	18.439455281560544	3
Mouse_Brain_Visium_10x	TTGCATGCTGATCACG-1	41	35	6397	3889	33361.0	6822	13.887473397080424	9
Mouse_Brain_Visium_10x	TTGCCAAGCAGAACCC-1	44	114	6756	9326	17586.0	5097	13.476629136813376	1
Mouse_Brain_Visium_10x	TTGCCATAGCCCGCTC-1	54	24	7954	3132	30518.0	7094	6.524018611966708	9
Mouse_Brain_Visium_10x	TTGCCCTGATCACGGG-1	36	34	5798	3820	25275.0	6150	15.509396636993076	14
Mouse_Brain_Visium_10x	TTGCCGCAGACCTACA-1	62	18	8912	2719	11501.0	4497	9.746978523606643	0
Mouse_Brain_Visium_10x	TTGCCGCTTTCTAGTA-1	62	78	8912	6849	22253.0	5825	14.114950793151484	10
Mouse_Brain_Visium_10x	TTGCCGGTGATCCCTC-1	11	97	2804	8156	12000.0	3992	15.491666666666667	5
Mouse_Brain_Visium_10x	TTGCCTTCTCGCCGGG-1	68	104	9630	8638	24897.0	6559	8.42671807848335	7
Mouse_Brain_Visium_10x	TTGCGCTTGATCAATA-1	69	101	9750	8432	38453.0	7714	8.680727121420956	7
Mouse_Brain_Visium_10x	TTGCGGCATCAGAAAG-1	53	45	7834	4577	25180.0	5253	29.753772835583796	8
Mouse_Brain_Visium_10x	TTGCGTCGGCCAACCG-1	51	41	7594	4302	12491.0	4022	21.367384516852134	9
Mouse_Brain_Visium_10x	TTGCGTGAACGCTTAG-1	14	96	3163	8087	30180.0	6790	12.418820410868124	5
Mouse_Brain_Visium_10x	TTGCGTGTGTAGGCAT-1	69	83	9750	7193	28211.0	6724	10.641239232923327	10
Mouse_Brain_Visium_10x	TTGCTCATAGTACGTG-1	67	107	9510	8845	35089.0	7451	7.814414773860754	7
Mouse_Brain_Visium_10x	TTGCTCCCATACCGGA-1	22	72	4121	6436	27056.0	6292	13.42400946185689	3
Mouse_Brain_Visium_10x	TTGCTGAAGGAACCAC-1	19	57	3762	5403	18284.0	4555	25.743819733099976	3
Mouse_Brain_Visium_10x	TTGCTGATCATGTTCG-1	33	57	5439	5403	31015.0	6548	12.100596485571497	12
Mouse_Brain_Visium_10x	TTGGAAGAATACAGTC-1	50	24	7475	3132	24364.0	6666	8.964045312756525	9
Mouse_Brain_Visium_10x	TTGGACATGTGGCTTA-1	41	29	6397	3476	23195.0	5737	16.326794567794785	14
Mouse_Brain_Visium_10x	TTGGACCATCTGGCAA-1	51	105	7594	8707	6996.0	2568	14.636935391652372	13
Mouse_Brain_Visium_10x	TTGGACCTATAACAGT-1	56	86	8193	7399	31419.0	6865	14.067920684935867	11
Mouse_Brain_Visium_10x	TTGGATATCGTCTACG-1	48	52	7235	5059	31224.0	6865	12.336664104534973	8
Mouse_Brain_Visium_10x	TTGGCCTAGAATTTCG-1	16	82	3403	7124	21019.0	5375	16.0473856986536	6
Mouse_Brain_Visium_10x	TTGGCTCAATATGTGT-1	65	113	9271	9258	28277.0	6572	10.4360434275206	7
Mouse_Brain_Visium_10x	TTGGGACACTGCCCGC-1	28	70	4840	6298	31452.0	6612	13.592140404425793	3
Mouse_Brain_Visium_10x	TTGGGACGTAAGAGTT-1	51	109	7594	8982	2526.0	1278	13.460015835312747	1
Mouse_Brain_Visium_10x	TTGGGCGGCGGTTGCC-1	30	76	5079	6711	26374.0	6172	12.607113065898234	3
Mouse_Brain_Visium_10x	TTGGTCACACTCGTAA-1	48	48	7235	4784	28689.0	6404	15.410087489978737	8
Mouse_Brain_Visium_10x	TTGGTTGCGGTGCGCG-1	53	23	7834	3063	25537.0	6772	5.905157222853115	9
Mouse_Brain_Visium_10x	TTGTAAGGACCTAAGT-1	46	32	6996	3683	25878.0	6139	14.521987788855398	9
Mouse_Brain_Visium_10x	TTGTAAGGCCAGTTGG-1	27	81	4720	7055	25717.0	6146	12.999183419527938	3
Mouse_Brain_Visium_10x	TTGTAATCCGTACTCG-1	35	55	5678	5266	41153.0	7629	10.149928316283138	12
Mouse_Brain_Visium_10x	TTGTACACCTCGAACA-1	51	1	7594	1549	33421.0	7496	6.735286197301098	0
Mouse_Brain_Visium_10x	TTGTCACCGCGGTATC-1	53	5	7834	1824	27382.0	6652	10.375429114016507	0
Mouse_Brain_Visium_10x	TTGTCGTTCAGTTACC-1	22	58	4121	5472	22246.0	5565	17.971770205879707	3
Mouse_Brain_Visium_10x	TTGTGAACCTAATCCG-1	56	90	8193	7675	29910.0	6745	12.761618187897025	11
Mouse_Brain_Visium_10x	TTGTGAGGCATGACGC-1	43	13	6636	2375	25011.0	6653	7.152852744792291	0
Mouse_Brain_Visium_10x	TTGTGATCTGTTCAGT-1	69	111	9750	9120	38413.0	7822	6.739905761070471	7
Mouse_Brain_Visium_10x	TTGTGCAGCCACGTCA-1	60	74	8672	6573	25340.0	6194	13.646408839779006	10
Mouse_Brain_Visium_10x	TTGTGCGGAAGCGGAT-1	60	2	8672	1618	11891.0	4580	12.749138003532082	0
Mouse_Brain_Visium_10x	TTGTGGCCCTGACAGT-1	18	60	3642	5610	11530.0	3403	28.10060711188205	3
Mouse_Brain_Visium_10x	TTGTGGTAGGAGGGAT-1	50	28	7475	3407	21141.0	6079	10.666477460858047	9
Mouse_Brain_Visium_10x	TTGTGGTGGTACTAAG-1	63	95	9031	8019	25305.0	6328	10.476190476190476	11
Mouse_Brain_Visium_10x	TTGTGTATGCCACCAA-1	56	60	8193	5610	26997.0	6375	12.538430195947697	8
Mouse_Brain_Visium_10x	TTGTGTTTCCCGAAAG-1	51	59	7594	5541	29112.0	6754	10.016488046166529	12
Mouse_Brain_Visium_10x	TTGTTCAGTGTGCTAC-1	24	64	4361	5885	30918.0	6586	14.321754317873085	3
Mouse_Brain_Visium_10x	TTGTTGTGTGTCAAGA-1	31	77	5199	6780	23779.0	5973	10.673283148997015	3
Mouse_Brain_Visium_10x	TTGTTTCACATCCAGG-1	58	42	8433	4371	17928.0	4604	24.96095493083445	8
Mouse_Brain_Visium_10x	TTGTTTCCATACAACT-1	45	27	6876	3339	16846.0	4878	17.855870829870593	14
